volume,page,mission_number,type,church,city,state,start_date,end_date,confessions_total,converts,under_instruction,diocese,confessions_adults,confessions_children,confessions_men,confessions_women,order,notes,converts_adult,converts_children,temperance_pledges,confirmed
1,1,1,mission,St. Joseph's Church,New York,NY,4/6/1851,4/20/1851,6000,,,New York,5600,400,,,Redemptorist,,,,,
1,6,2,mission,St. Michael's Church,Loretto,PA,4/27/1851,5/11/1851,1700,,,Pittsburgh,,100,,,Redemptorist,,,,,
1,11,3,mission,St. Mary's Church,Hollidaysburg,PA,5/18/1851,5/28/1851,1000,,,Pittsburgh,,,,,Redemptorist,,,,,
1,12,4,mission,Church of St. John Evangelist,Johnstown,PA,5/31/1851,6/8/1851,1000,,,Pittsburgh,,,,,Redemptorist,,,,,
1,15,5,mission,St. Peter's Church,New York,NY,9/28/1851,10/12/1851,4000,,,New York,,,,,Redemptorist,,,,,
1,18,6,mission,St. Patrick's Cathedral,New York,NY,10/19/1851,11/3/1851,7000,,,New York,,,,,Redemptorist,,,,,
1,20,7,mission,St. Patrick's Church,Erie,PA,11/17/1851,11/28/1851,1000,,,Pittsburgh,,,,,Redemptorist,,,,,
1,22,8,mission,St. Philip Benizi Church,Cussewago,PA,12/1/1851,12/8/1851,270,,,Pittsburgh,,,,,Redemptorist,,,,,
1,22,9,mission,St. Vincent's Church (Benedictine),Youngstown,PA,12/10/1851,12/19/1851,1000,,,Pittsburgh,,,,,Redemptorist,,,,,
1,23,10,mission,St. Peter's Church,Saratoga,NY,1/11/1852,1/22/1852,600,several,,Albany,,,,,Redemptorist,,,,,
1,27,11,mission,St. Peter's Church,Troy,NY,1/25/1852,2/22/1852,3100,,,Albany,,,,,Redemptorist,,,,,
1,28,12,mission,St. Joseph's Church,Albany,NY,2/29/1852,3/14/1852,4000,,,Albany,,,,,Redemptorist,,,,,
1,31,13,mission,Ss. Peter and Paul's Cathedral,Detroit,MI,3/21/1852,4/4/1852,3000,,,Detroit,,,,,Redemptorist,,,,,
1,33,14,mission,St. John's Church,Philadelphia,PA,5/2/1852,5/16/1852,3000,,,Philadelphia,,,,,Redemptorist,,,,,
1,33,15,mission,Church of the Assumption,Philadelphia,PA,5/19/1852,5/31/1852,1700,,,Philadelphia,,,,,Redemptorist,,,,,
1,35,16,mission,St. Bernard's Church,Cohoes,NY,6/10/1852,6/20/1852,1400,,,Albany,,,,,Redemptorist,,,,,
1,36,17,mission,St. James's Cathedral,Wheeling,WV,9/5/1852,9/15/1852,1250,several,,Wheeling-Charleston,,,,,Redemptorist,,,,,
1,37,18,mission,St. Peter's Cathedral,Cincinnati,OH,9/26/1852,10/10/1852,5000,,,Cincinnati,,,,,Redemptorist,,,,,
1,38,19,mission,Cathedral of the Assumption,Louisville,KY,10/17/1852,10/31/1852,2000,several,,Louisville,,,,,Redemptorist,,,,,
1,39,20,mission,Cathedral of the Immaculate Conception,Albany,NY,11/28/1852,12/12/1852,4500,several,,Albany,,,,,Redemptorist,,,,,
1,40,21,mission,St. Peter's Cathedral,Richmond,VA,12/24/1852,1/3/1853,620,several,,Richmond,,,,,Redemptorist,,,,,
1,41,22,mission,St. John's Cathedral,Cleveland,OH,1/23/1853,2/6/1853,2300,several,,Cleveland,,,,,Redemptorist,,,,,
1,42,23,mission,St. Mary's Church,Philadelphia,PA,2/20/1853,3/6/1853,2550,several,,Philadelphia,,,,,Redemptorist,,,,,
1,45,24,mission,Cathedral of Baltimore,Baltimore,MD,4/10/1853,4/24/1853,4500,,,Baltimore,,,,,Redemptorist,,,,,
1,51,25,mission,St. Ignatius' Church,Harford County,MD,8/28/1853,9/10/1853,320,,,Baltimore,,,,,Redemptorist,,,,,
1,51,26,mission,St. Michael's Church,Flushing,NY,9/11/1853,9/18/1853,950,,,New York,,,,,Redemptorist,,,,,
1,52,27,mission,St. Peter's Church,"New Brighton, Staten Island",NY,9/29/1853,10/3/1853,1200,,,New York,,,,,Redemptorist,,,,,
1,52,28,mission,St. Mary's Church,Yonkers,NY,9/29/1853,10/2/1853,550,,,New York,,,,,Redemptorist,,,,,
1,53,29,mission,St. Mary's Church,New York,NY,10/16/1853,10/30/1853,7800,,,New York,,,,,Redemptorist,,,,,
1,53,30,mission,St. Patrick's Church,Norfolk,VA,11/13/1853,11/24/1853,500,many,,Richmond,,,,,Redemptorist,,,,,
1,55,31,mission,St. Paul's Church,Portsmouth,VA,11/13/1853,11/24/1853,330,10,,Richmond,,,,,Redemptorist,,,,,
1,56,32,mission,St. Peter and Paul's Church,"Williamsburg, Brookyln, New York",NY,12/4/1853,12/18/1853,4000,16,,New York,,,,,Redemptorist,,,,,
1,58,33,mission,St. Patrick's Church,New Orleans,LA,1/15/1854,1/29/1854,3000,several,,New Orleans,,,,,Redemptorist,,,,,
1,61,34,mission,St. Joseph's Church,New Orleans,LA,2/12/1854,2/21/1854,1300,several,,New Orleans,,,,,Redemptorist,,,,,
1,62,35,mission,Cathedral of the Immaculate Conception,Mobile,AL,3/4/1854,3/16/1854,1300,2,,Mobile,,,,,Redemptorist,,,,,
1,63,36,mission,St. Alphonsus' Church,New Orleans,LA,3/26/1854,4/5/1854,2000,,,New Orleans,,,,,Redemptorist,,,,,
1,64,37,mission,St. Peter's Church,New Orleans,LA,4/9/1854,4/17/1854,1700,2,,New Orleans,,,,,Redemptorist,,,,,
1,64,38,mission,St. John Baptist's Church,New Orleans,LA,4/23/1854,4/30/1854,1500,2,,New Orleans,,,,,Redemptorist,,,,,
1,65,39,mission,St. Theresa's Church,New Orleans,LA,5/14/1854,5/21/1854,1500,,,New Orleans,,,,,Redemptorist,,,,,
1,66,40,mission,St. John's Church,Schenectady,NY,10/8/1854,10/18/1854,1300,,,,,,,,Redemptorist,,,,,
1,67,41,mission,,Patterson,NJ,10/29/1854,11/9/1854,2700,,,,,,,,Redemptorist,,,,,
1,68,42,mission,Church of Our Lady of the Mountain,Emmitsburg,MD,11/19/1854,11/26/1854,500,,,Baltimore,,,,,Redemptorist,,,,,
1,70,43,mission,St. Peter's Church,Baltimore,MD,12/3/1854,12/13/1854,2500,several,,Baltimore,,,,,Redemptorist,,,,,
1,71,44,mission,St. Patrick's Cathedral,Newark,NK,12/31/1854,1/14/1855,4400,,,Newark,,,,,Redemptorist,,,,,
1,72,45,mission,St. Mary's Church,Charlestown,MA,1/28/1855,2/11/1855,2800,several,,Boston,,,,,Redemptorist,,,,,
1,74,46,mission,St. Patrick's Church,Utica,NY,2/21/1855,3/4/1855,1000,several,,Albany,,,,,Redemptorist,,,,,
1,75,47,mission,Church of the Annunciation,Manhattanville,NY,3/18/1855,4/1/1855,1400,,,New York,,,,,Redemptorist,,,,,
1,76,48,mission,,Lexington,KY,4/15/1855,4/25/1855,600,3,,Covington,,,,,Redemptorist,,,,,
1,76,49,mission,,Frankfort,KY,4/29/1855,5/3/1855,350,2,,Covington,,,,,Redemptorist,,,,,
1,79,50,mission,,Canandagua,NY,9/9/1855,9/17/1855,700,,,Buffalo,,,,,Redemptorist,,,,,
1,79,51,mission,St. Paul's Cathedral,Pittsburgh,PA,10/14/1855,10/28/1855,7600,20,,Pittsburgh,,,,,Redemptorist,,,,,
1,83,52,mission,St. Joseph's Cathedral,Buffalo,NY,11/11/1855,11/21/1855,3000,several,,Buffalo,,,,,Redemptorist,,,,,
1,84,53,mission,Church of the Holy Angels,Sandusky,OH,12/2/1855,12/12/1855,1100,,,Cleveland,,,,,Redemptorist,,,,,
1,85,54,mission,St. John's Cathedral,Cleveland,OH,12/16/1855,12/25/1855,3300,,,Cleveland,,,,,Redemptorist,,,,,
1,86,55,mission,St. Stephen's Church,New York,NY,1/6/1856,1/18/1856,4000,,,New York,,,,,Redemptorist,,,,,
1,87,56,mission,Church of OUr Lady Start of the Sea,Brooklyn,NY,2/3/1856,2/17/1856,2800,1,,New York,,,,,Redemptorist,,,,,
1,89,57,mission,St. Patrick's Church,Newburgh,NY,3/2/1856,3/13/1856,1350,several,,New York,,,,,Redemptorist,,,,,
1,91,58,mission,St. Patrick's Church,Norfolk,VA,3/30/1856,4/6/1856,400,,,Richmond,,,,,Redemptorist,,,,,
1,95,59,mission,,Portsmouth,VA,3/30/1856,4/8/1856,520,9,,Richmond,,,,,Redemptorist,,,,,
1,95,60,mission,Richmond Cathedral,Richmond,VA,4/13/1856,4/23/1856,900,,,Richmond,,,,,Redemptorist,,,,,
1,97,61,mission,,Petersburg,VA,4/13/1856,4/18/1856,210,,,Richmond,,,,,Redemptorist,,,,,
1,97,62,mission,St. Mary's Church,Hoboken,NJ,9/28/1856,10/5/1856,700,7,,Newark,,,,,Redemptorist,,,,,
1,102,63,mission,St. Peter's Church,Wilmington,DE,10/12/1856,10/23/1856,1700,,,Philadelphia,,,,,Redemptorist,,,,,
1,106,64,mission,St. Patrick's Church,Washington,DC,11/2/1856,11/15/1856,2700,several,,Baltimore,,,,,Redemptorist,,,,,
1,111,65,mission,St. John's Church,Savannah,GA,11/23/1856,12/7/1856,2500,several,,Savannah,,,,,Redemptorist,,,,,
1,113,66,mission,Church of the Immaculate Conception,Atlanta,GA,12/14/1856,12/19/1856,190,several,,Savannah,,,,,Redemptorist,,,,,
1,114,67,mission,Church of the Assumption of the Blessed Virgin Mary,Macon,GA,12/21/1856,12/28/1856,210,several,,Savannah,,,,,Redemptorist,,,,,
1,116,68,mission,St. Philip and James' Church,Columbus,GA,1/4/1857,1/11/1857,170,1,,Savannah,,,,,Redemptorist,,,,,
1,119,69,mission,Trinity Church,Augusta,GA,12/14/1856,12/24/1856,750,,,Savannah,,,,,Redemptorist,,,,,
1,126,70,mission,,St. Augustine,FL,1/4/1857,1/11/1857,600,,,,,,,,Redemptorist,,,,,
1,129,71,mission,Cathedral of St. John and St. Finabarr,Charleston,SC,1/25/1857,2/8/1857,3100,20,,Charleston,,200,,,Redemptorist,,,,,
1,133,72,mission,St. Mary's Church,Roudout,NY,3/1/1857,3/15/1857,2200,,,,,,,,Redemptorist,,,,,
1,136,73,mission,St. Mary's Church,Hudson,NY,3/22/1857,3/29/1857,800,,,,,,,,Redemptorist,,,,,
1,137,74,mission,St. James' Church ,Newark,NJ,9/26/1857,10/6/1857,1900,,,,,,,,Redemptorist,,,,,
1,138,75,mission,Church of Our Lady of Loretto,Cold Spring,NY,10/11/1857,10/18/1857,800,2,,,,,,,Redemptorist,,,,,
1,140,76,mission,St. Peter's Church,Poughkeepsie,NY,10/24/1857,11/6/1857,1950,,,,,,,,Redemptorist,,,,,
1,142,77,mission,St. John's Church,Utica,NY,11/15/1857,11/27/1857,3000,,,,,,,,Redemptorist,,,,,
1,144,78,mission,St. Joseph's Church,Brandywine,DE,12/6/1857,12/14/1857,920,1,,Philadelphia,,,,,Redemptorist,,,,,
1,145,79,mission,St. John the Baptist's Church,Trenton,NJ,12/20/1857,12/31/1857,2050,5,,Newark,,,,,Redemptorist,,,,,
1,148,80,mission,Cathedral of Burlington,Burlington,VT,1/10/1858,1/18/1858,1400,2,,Burlington,,,,,Redemptorist,,,,,
1,151,81,mission,St John Baptist's Church,Plattsburg,NY,1/24/1858,1/31/1858,1100,1,,Albany,,,,,Redemptorist,,,,,
1,153,82,mission,,Brandon,VT,2/7/1858,2/11/1858,277,,,Burlington,,,,,Redemptorist,,,,,
1,155,83,mission,,East Rutland,VT,2/7/1858,2/15/1858,840,,,Burlington,,,,,Redemptorist,,,,,
1,156,84,mission,,West Rutland,VT,2/21/1858,3/1/1858,1008,3,,Burlington,,,,,Redemptorist,,,,,
1,157,85,mission,,Saratoga Springs,NY,3/7/1858,3/15/1858,970,,,,,,,,Redemptorist,,,,,
1,158,86,mission,,Little Falls,NY,3/21/1858,3/28/1858,800,3,,,,,,,Redemptorist,,,,,
1,169,1,mission,St. Patrick's Church,Watertown,NY,4/18/1858,4/26/1858,1073,5,,,,,,,Paulist,,,,,
1,172,2,mission,St. Bridget's Church,New York,NY,5/2/1858,5/16/1858,5700,15,,,,,,,Paulist,,,,,
1,178,3,mission,Cathedral of Ss. Peter & Paul,Providence,RI,9/19/1858,10/1/1858,4430,,,,,,,,Paulist,,,,,
1,183,4,mission,St. Peter's Cathedral,New York,NY,10/10/1858,10/17/1858,2000,,,,,,,,Paulist,,,,,
1,186,5,mission,St. Mary's Cathedral,Covington,KY,10/24/1858,11/1/1858,1450,,,Covington,,,,,Paulist,,,,,
1,189,6,mission,St. Augustine's Church,Kalamazoo,MI,11/7/1858,11/14/1858,430,2,,,,,,,Paulist,,,,,
1,192,7,mission,Church of the Immaculate Conception,Marshall,MI,11/21/1858,11/26/1858,575,1,,,,,,,Paulist,,,,,
1,193,8,mission,St. John's Church,Jackson,MI,11/28/1858,12/5/1858,450,1,,,,,,,Paulist,,,,,
1,196,9,mission,St. Thomas's Church,Ann Arbor,MI,12/12/1858,12/19/1858,910,5,,,,,,,Paulist,,,,,
1,200,10,mission,St. Mary's Church,New Haven,CT,1/2/1859,1/14/1859,2060,4,,Hartford,,,,,Paulist,,,,,
1,202,11,mission,St. Paul's Church,Princeton,NJ,1/23/1859,1/31/1859,570,1,,Newark,,,,,Paulist,,,,,
1,206,12,mission,St. Peter's Church,Belleville,NJ,2/13/1859,2/20/1859,1135,2,,Newark,,,,,Paulist,,,,,
1,209,13,mission,St. Patrick's Church,Quebec,QC,3/20/1859,4/3/1859,7250,50,,Quebec,,,,,Paulist,,,,,
1,218,14,mission,St. Peter's Church,Troy,NY,4/10/1859,4/20/1859,2600,6,,Albany,2440,160,,,Paulist,,,,,
1,223,15,mission,Cathedral of the Immaculate Conception,St. John,NB,9/4/1859,9/15/1859,8450,6,,Halifax,,,,,Paulist,,,,,
1,227,16,mission,St. Mary's Church,Jersey City,NJ,10/2/1859,10/10/1859,1950,3,,Newark,1800,150,,,Paulist,,,,,
1,230,17,mission,St. Mary's Church,New York,NY,10/16/1859,10/23/1859,3500,5,,New York,,,,,Paulist,,,,,
1,234,18,mission,St. James' Church,Bridgeport,CT,10/30/1859,11/7/1859,1570,,,Hartford,,,,,Paulist,,,,,
1,237,19,mission,Church of St. Paul the Apostle,New York,NY,12/18/1859,12/25/1859,800,,,New York,725,75,,,Paulist,,,,,
1,239,20,mission,St. Mary's Church,"Clifton, Staten Island",NY,1/1/1860,1/8/1860,1250,3,,New York,1159,91,,,Paulist,,,,,
1,241,21,mission,Church of the Immaculate Conception,Waterbury,CT,1/15/1860,1/29/1860,2800,3,,Hartford,,,,,Paulist,,,,,
1,244,22,mission,St. John's Church,Middletown,CT,2/5/1860,2/14/1860,2270,3,,Hartford,2100,170,,,Paulist,,,,,
1,247,23,mission,St. Mary's Church,New Britain,CT,2/19/1860,2/28/1860,1230,,,Hartford,,,,,Paulist,,,,,
1,249,24,mission,St. Rose's Church,Meriden,CT,3/11/1860,3/18/1860,810,,,Hartford,770,40,,,Paulist,,,,,
1,250,25,mission,Church of St. Paul the Apostle,New York,NY,3/25/1860,3/28/1860,925,,,New York,,,,,Paulist,,,,,
1,251,26,mission,Cathedral,Kingston,ON,4/15/1860,4/25/1860,2640,5,,Kingston,,,,,Paulist,,,,,
1,255,27,mission,St. Mary's Church,Norwich,CT,5/6/1860,5/16/1860,1900,5,,,,,,,Paulist,,,,,
1,259,28,mission,Church of the Immaculate Conception,Lawrence,MA,9/30/1860,10/12/1860,2150,,,Boston,,,,,Paulist,,,,,
1,261,29,mission,St. Patrick's Church,Elizabethport,NJ,10/20/1860,10/28/1860,1000,1,,Newark,,,,,Paulist,,,,,
1,263,30,mission,St. Soryl's Church,Hudson City,NJ,11/4/1860,11/12/1860,1100,1,,Newark,,,,,Paulist,,,,,
1,266,31,mission,St. James Church,New York,NY,11/25/1860,12/9/1860,6950,10,,New York,,,,,Paulist,,,,,
1,271,32,mission,St. John Baptist Church,Boston,MA,12/30/1860,1/10/1861,4550,,,Boston,,,,,Paulist,,,,,
1,274,33,mission,St. Gregory's Church,Haverhill,MA,1/20/1861,1/28/1861,1002,4,,Boston,,,,,Paulist,,,,,
1,276,34,mission,Church of the Holy Redeemer,East Boston,MA,2/13/1861,2/27/1861,2900,,,Boston,,,,,Paulist,,,,,
1,278,35,mission,Church of the Immaculate Conception,Newburyport,MA,3/3/1861,3/13/1861,1900,,,Boston,,,,,Paulist,,,,,
1,281,36,mission,,Pittston,PA,4/14/1861,4/22/1861,1980,3,,,,,,,Paulist,,,,,
1,282,37,mission,,Holyoke,MA,4/28/1861,5/9/1861,1850,5,,Boston,,,,,Paulist,,,,,
1,284,38,mission,St. Mary's Church,Elizabeth,NJ,10/6/1861,10/14/1861,950,1,,,,,,,Paulist,,,,,
1,285,39,mission,St. Michael's Church,New York,NY,11/17/1861,11/28/1861,4000,,,New York,,,,,Paulist,,,,,
1,287,40,mission,,Newport,NY,12/29/1861,1/5/1862,370,1,,,,,,,Paulist,,,,,
1,291,41,mission,,Dunmore,PA,1/19/1862,1/26/1862,700,,,,,,,,Paulist,,,,,
1,291,42,mission,St. Philomena's Church,Rawley,PA,2/2/1862,2/10/1862,1150,1,,,,,,,Paulist,,,,,
1,292,43,mission,St. John's Church,Orange,NJ,2/2/1862,2/9/1862,1000,2,,,,,,,Paulist,,,,,
1,293,44,mission,Church of the Immaculate Conception,New York,NY,3/2/1862,3/16/1862,6800,1,,New York,,,,,Paulist,,,,,
1,295,45,mission,St. Stephen's Church,New York,NY,3/30/1862,4/6/1862,2400,,,New York,,,,,Paulist,,,,,
1,295,46,mission,,Scranton ,PA,5/18/1862,5/29/1862,2500,,,,,,,,Paulist,,,,,
1,296,47,mission,St. Peter's Church,Cambridge,MA,4/27/1862,5/7/1862,2500,2,,Boston,,,,,Paulist,,,,,
2,1,,mission,St. John's Church,Stamford,CT,9/28/1862,10/5/1862,900,2,,,,,,,Paulist,,,,,
2,2,,mission,Church of the Immaculate Conception,Jersey City,NJ,10/12/1862,10/23/1862,2875,,,,,,,,Paulist,,,,,
2,3,,mission,St. Mary's Cathedral,Halifax,NS,11/30/1862,12/8/1862,5636,4,,Halifax,,,,,Paulist,,,,,
2,4,,mission,Nativity Church,New York,NY,1/4/1863,1/16/1863,3500,,,New York,,,,,Paulist,,,,,
2,5,,mission,Church of St. Rose of Lima,Carbondale,PA,1/25/1863,2/3/1863,2100,7,,,,,,,Paulist,,,,,
2,6,,mission,Assumption Church,Philadelphia,PA,2/15/1863,2/26/1863,1500,,,,,,,,Paulist,,,,,
2,7,,mission,Cathedral of the Holy Cross,Boston,MA,3/8/1863,3/17/1863,3000,,,Boston,,,,,Paulist,,,,,
2,8,,mission,Church of the Most Holy Name of Jesus,Chicopee,MA,4/12/1863,4/20/1863,2600,3,,Boston,,,,,Paulist,,,,,
2,9,,mission,St. Joseph's Church,Pittsfield,MA,5/3/1863,5/12/1863,2000,1,,,,,,,Paulist,,,,,
2,10,,mission,Church of Our Lady of Mercy,Port Chester,NY,9/13/1863,9/21/1863,710,1,,New York,,,,,Paulist,,,,,
2,11,,mission,Cathedral of the Holy Name,Chicago,IL,10/4/1863,10/14/1863,2600,8,,Chicago,,,,,Paulist,,,,,
2,12,,mission,St. Patrick's Cathedral,St. Louis,MO,10/25/1863,11/4/1863,2500,3,,St. Louis,,,,,Paulist,,,,,
2,13,,mission,St. John's Church,St. Louis,MO,11/15/1863,11/24/1863,1300,,,,,,,,Paulist,,,,,
2,14,,mission,St. Theresa's ,New York,NY,1/3/1864,1/15/1864,4500,6,,New York,,,,,Paulist,,,,,
2,15,,mission,St. John's Church,Honesdale,PA,1/24/1864,2/1/1864,1400,1,,Philadelphia,,,,,Paulist,,,,,
2,17,,mission,Church of the Immaculate Conception,Stoughton,MA,2/14/1864,2/21/1864,567,,,,,,,,Paulist,,,,,
2,18,,mission,Church of St. John the Baptist,Trenton,NJ,2/28/1864,3/10/1864,2800,10,,,,,,,Paulist,,,,,
2,21,,mission,Church of St. Patrick,North Bridgewater,MA,4/3/1864,4/10/1864,1100,1,,,,,,,Paulist,,,,,
2,23,,mission,,Webster,MA,4/17/1864,4/24/1864,700,,,,,,,,Paulist,,,,,
2,24,,mission,Church of St. William,Ware,MA,5/1/1864,5/8/1864,1080,2,,,,,,,Paulist,,,,,
2,25,,mission,Church of Immaculate Conception,Port Jervis,NY,9/11/1864,9/21/1864,750,1,,,,,,,Paulist,,,,,
2,26,,mission,Church of St. Peter,Southbridge,MA,10/2/1864,10/9/1864,730,4,,,,,,,Paulist,,,,,
2,27,,mission,Church of St. Mary,Lancaster,OH,10/23/1864,10/31/1864,800,3,,,,,,,Paulist,,,,,
2,31,,mission,Church of the Assumption,Brookline,MA,11/6/1864,11/14/1864,1200,1,,,,,,,Paulist,,,,,
2,31,,mission,,Brighton,MA,11/17/1864,11/17/1864,700,3,,,,,,,Paulist,,,,,
2,32,,mission,Church of the Immaculate Conception,Salem,MA,12/4/1864,12/13/1864,2100,3,,,,,,,Paulist,,,,,
2,33,,mission,Church of St. James,Salem,MA,1/1/1865,1/11/1865,2551,11,,,,,,,Paulist,,,,,
2,34,,mission,Church of St. Thomas Aquinas,Archibald,PA,1/29/1865,2/5/1865,1200,,,Philadelphia,,,,,Paulist,,,,,
2,35,,mission,Church of Immaculate Conception,Birmingham,CT,2/12/1865,2/20/1865,1600,1,,Hartford,,,,,Paulist,,,,,
2,36,,mission,Church of St. Gregory Thaumaturgus,Milton,MA,3/12/1865,3/19/1865,1200,1,,,,,,,Paulist,,,,,
2,37,,mission,Church of St. Mary,"Clifton, Staten Island",NY,3/26/1865,4/4/1865,1600,13,,New York,,,,,Paulist,,,,,
2,38,,mission,Church of St. John,Newark,NJ,5/7/1865,5/14/1865,1400,,,,,,,,Paulist,,,,,
2,39,,mission,Church of St. Ann,Manchester,NH,9/24/1865,10/5/1865,2600,,,,,,,,Paulist,,,,,
2,41,,mission,Church of St. Mary,Cold Spring,NY,10/29/1865,11/5/1865,721,,,New York,,,,,Paulist,,,,,
2,51,,mission,Church of the Immaculate Conception,Nashua,NH,4/30/1871,5/7/1871,1261,,,Portland,,,,,Paulist,,,,,
2,53,,mission,Church of St. Patrick,North Bridgewater,MA,10/29/1871,11/5/1871,1400,,,Boston,,,,,Paulist,,,,,
2,54,,mission,Church of St. Gregory Thaumaturgus,Milton,MA,2/25/1872,3/3/1872,2000,,,,,,,,Paulist,,,,,
2,55,,mission,Church of St. Paul,Wilmington,DE,4/28/1872,5/5/1872,1300,,,Wilmington,,,,,Paulist,,,,,
2,56,,mission,St. Peter's Cathedral,Wilmington,DE,10/29/1872,11/5/1872,1800,,,Wilmington,,,,,Paulist,,,,,
2,57,,mission,Church of the Sacred Heart,Philadelphia,PA,11/10/1872,11/18/1872,1500,9,,Philadelphia,,,,,Paulist,,,,,
2,58,,mission,Church of Ss. Peter and Paul,Sandusky,OH,11/24/1872,12/3/1872,1500,2,,Cleveland,,,,,Paulist,,,,,
2,59,,mission,Church of St. John the Evangelist,Birmingham,PA,12/8/1872,12/18/1872,2150,,,,,,,,Paulist,,,,,
2,60,,mission,Church of St. Mary,Randolph,MA,12/29/1872,1/5/1873,1600,2,,,,,,,Paulist,,,,,
2,61,,mission,St. Theresa's Church,New York,NY,1/12/1873,1/26/1873,6600,10,,New York,,,,,Paulist,,,,,
2,63,,mission,Church of St. Mary,Albany,NY,2/2/1873,2/12/1873,2780,2,,Albany,,,,,Paulist,,,,,
2,64,,mission,St. Peter's Cathedral,Cincinnati,OH,2/23/1873,3/9/1873,3000,2,,Cincinnati,,,,,Paulist,,,,,
2,65,,mission,Church of St. Paul the Apostle,New York,NY,3/16/1873,3/30/1873,5500,,,New York,,,,,Paulist,,,,,
2,68,,mission,Cathedral of St. Joseph,Columbus,OH,4/20/1873,4/29/1873,2100,,,Columbus,,,,,Paulist,,,,,
2,69,,mission,Church of the Sacred Heart,Sharon,PA,5/4/1873,5/11/1873,700,1,,,,,,,Paulist,,,,,
2,70,,mission,Church of the Holy Name,New York,NY,5/18/1873,5/25/1873,1030,,,New York,,,,,Paulist,,,,,
2,72,,mission,St. Elizabeth's Church,Washington Heights,NY,9/21/1873,9/28/1873,1007,,,,,,,,Paulist,,,,,
2,73,,mission,St. Mary's Church,Fall River,MA,10/5/1873,10/19/1873,5300,8,,Providence,,,,,Paulist,,,,,
2,76,,mission,St. Patrick's Church,New London,CT,10/26/1873,11/4/1873,1400,2,,,,,,,Paulist,,,,,
2,78,,mission,St. Mary's Church,Providence,RI,11/2/1873,11/11/1873,4000,,,,,,,,Paulist,,,,,
2,79,,mission,Church of St. John the Baptist,Canton,OH,11/16/1873,11/25/1873,700,22,,,,,,,Paulist,,,,,
2,80,,mission,St. Joseph's Cathedral,Buffalo,NY,11/30/1873,12/14/1873,4500,7,,Buffalo,,,,,Paulist,,,,,
2,81,,mission,St. Malachy's Church,Arlington,MA,1/4/1874,1/12/1874,1170,4,,Boston,,,,,Paulist,,,,,
2,82,,mission,Church of St. Bridget,Lexington,MA,1/4/1874,1/13/1874,400,4,,Boston,,,,,Paulist,,,,,
2,83,,mission,Church of the Assumption,East Boston,MA,1/16/1874,2/1/1874,2350,18,,Boston,,,,,Paulist,,,,,
2,84,,mission,Church of St. Michael,Brattleboro,VT,2/8/1874,2/15/1874,570,2,,,,,,,Paulist,,,,,
2,87,,mission,Church of St. Joseph,Kingston,NY,2/22/1874,3/2/1874,1400,1,,,,,,,Paulist,,,,,
2,88,,mission,Church of the Sacred Heart,Central Falls,NY,3/8/1874,3/16/1874,1450,12,,,,,,,Paulist,,,,,
2,90,,mission,St. Joseph's Church,Circleville,OH,2/8/1874,2/17/1874,400,8,,,,,,,Paulist,,,,,
2,92,,mission,St. Joseph's Church,Fond du Lac,WI,2/22/1874,3/4/1874,1650,2,,Milwaukee,,,,,Paulist,,,,,
2,93,,mission,Church of the Holy Cross,Ovid,NY,3/22/1874,3/29/1874,700,3,,,,,,,Paulist,,,,,
2,94,,mission,Church of the Nativity,New York,NY,4/12/1874,4/28/1874,4280,6,,New York,,,,,Paulist,,,,,
2,95,,mission,Church of St. Rose of Lima,Suffern,NY,5/3/1874,5/8/1874,150,2,,New York,,,,,Paulist,,,,,
2,95,,mission,Church of St. Mary,Greenwood,NY,5/10/1874,5/17/1874,260,,,,,,,,Paulist,,,,,
2,98,,mission,St. Jarlath's Church,Chicago,IL,9/27/1874,10/7/1874,800,1,,Chicago,,,,,Paulist,,,,,
2,99,,mission,Church of St. Pius,Chicago,IL,10/11/1874,10/25/1874,1500,12,,Chicago,,,,,Paulist,,,,,
2,100,,mission,Church of the Annunciation,Manhattanville,NY,10/4/1874,10/14/1874,2600,6,,,,,,,Paulist,,,,,
2,102,,mission,St. John's Church,Trenton,NJ,10/25/1874,11/5/1874,2700,6,,,,,,,Paulist,,,,,
2,103,,mission,St. Mary's Church,New Haven,CT,11/8/1874,11/19/1874,2600,8,,,,,,,Paulist,,,,,
2,104,,mission,St. Mary's Church,Jersey City,NJ,12/6/1874,12/20/1874,4800,6,,,,,,,Paulist,,,,,
2,105,,mission,St. Mary's Cathedral,Ogdensburg,NY,1/3/1875,1/14/1875,1850,6,,Ogdensburg,,,,,Paulist,,,,,
2,108,,mission,St. Mary's Cathedral,San Francisco,CA,2/14/1875,2/28/1875,2800,6,,San Francisco,,,,,Paulist,,,,,
2,109,,mission,St. Francis Church,San Francisco,CA,3/7/1875,3/16/1875,1350,7,,San Francisco,,,,,Paulist,,,,,
2,111,,mission,St. Mary's Church,Oakland,CA,3/7/1875,3/16/1875,1700,1,,,,,,,Paulist,,,,,
2,112,,mission,St. Patrick's Church,San Francisco,CA,3/21/1875,4/5/1875,9000,13,,,,,,,Paulist,,,,,
2,114,,mission,Church of St. Rose of Lima,Sacramento,CA,4/4/1875,4/14/1875,1600,2,,,,,,,Paulist,,,,,
2,115,,mission,Church of San Rafael,San Rafael,CA,3/21/1875,3/28/1875,360,9,,,,,,,Paulist,,,,,
2,116,,mission,St. Peter's Church,San Francisco,CA,4/11/1875,4/21/1875,1600,5,,,,,,,Paulist,,,,,
2,117,,mission,St. Joseph's Church,San Jose,CA,4/18/1875,4/28/1875,1100,,,,,,,,Paulist,,,,,
2,119,,mission,Church of the Holy Cross,Santa Cruz,CA,4/25/1875,5/2/1875,650,2,,,,,,,Paulist,,,,,
2,120,,mission,St. Joseph's Cathedral,Marysville,CA,5/16/1875,5/24/1875,550,5,,Sacramento,,,,,Paulist,,,,,
2,121,,mission,Church of the Immaculate Conception,Smartsville,CA,5/16/1875,5/24/1875,350,2,,,,,,,Paulist,,,,,
2,122,,mission,Church of the Immaculate Conception,Virginia City,NV,5/30/1875,6/13/1875,1200,3,,,,,,,Paulist,,,,,
2,123,,mission,St. Patrick's Church,Gold Hill,NV,5/30/1875,6/6/1875,660,1,,,,,,,Paulist,,,,,
2,124,,mission,Church of Mary Magdalen,Salt Lake City,UT,6/20/1875,6/27/1875,75,1,,,,,,,Paulist,,,,,
2,125,,mission,,Ophir City,UT,6/20/1875,6/25/1875,37,1,,,,,,,Paulist,,,,,
2,126,,mission,Church of St. Michael,Stillwater,MN,9/19/1875,9/30/1875,1200,1,,,,,,,Paulist,,,,,
2,127,,mission,Cathedral of St. Paul,St. Paul,MN,10/3/1875,10/17/1875,2100,6,,,,,,,Paulist,,,,,
2,130,,mission,St. Mary's Church,St. Paul,MN,10/24/1875,11/3/1875,1200,6,,,,,,,Paulist,,,,,
2,132,,mission,Church of the Immaculate Conception,Minneapolis,MN,11/7/1875,11/21/1875,2200,12,,,,,,,Paulist,,,,,
2,133,,mission,Church of the Immaculate Conception,Faribault,MN,11/28/1875,12/8/1875,1300,6,,,,,,,Paulist,,,,,
2,134,,mission,Church of St. Thomas,Winona,MN,12/12/1875,12/19/1875,800,10,,,,,,,Paulist,,,,,
2,135,,mission,St. John's Church,Baltimore,MD,1/9/1876,1/23/1876,4200,29,,,,,,,Paulist,,,,,
2,136,,mission,Church of St. Michael,Penn Yan,NY,1/30/1876,2/9/1876,800,2,,Rochester,,,,,Paulist,,,,,
2,137,,mission,Church of St. Rose of Lima,Chelsea,MA,2/27/1876,3/12/1876,3200,14,,Boston,,,,,Paulist,,,,,
2,138,,mission,Church of St. Patrick,Boston,MA,3/19/1876,4/9/1876,4000,3,,,,,,,Paulist,,,,,
2,139,,mission,Church of St. Michael,Jersey City,NJ,4/23/1876,5/7/1876,5000,7,,,,,,,Paulist,,,,,
2,141,,mission,Cathedral of St. Paul,St. Paul,MN,9/10/1876,9/14/1876,1500,,,,,,,,Paulist,,,,,
2,142,,mission,St. Augustine's Church,Austin,MN,9/17/1876,9/27/1876,790,17,,,,,,,Paulist,,,,,
2,143,,mission,St. Lawrence's Church,Fountain,MN,10/1/1876,10/6/1876,440,3,,,,,,,Paulist,,,,,
2,144,,mission,St. Patrick's Church,Lanesboro,MN,10/8/1876,10/18/1876,620,13,,,,,,,Paulist,,,,,
2,145,,mission,St. Patrick's Church,Caledonia,MN,10/27/1876,10/30/1876,960,6,,,,,,,Paulist,,,,,
2,146,,mission,Church of St. Patrick,Brownsville,MN,11/4/1876,11/9/1876,520,8,,,,,,,Paulist,,,,,
2,147,,mission,St. Thomas's Church,Rochester,MN,11/19/1876,11/28/1876,1537,8,,,,,,,Paulist,,,,,
2,148,,mission,St. Bridget's Church,Rochester,MN,11/29/1876,12/3/1876,626,2,,,,,,,Paulist,,,,,
2,149,,mission,St. Mary's Church,Waverly,MN,9/17/1876,9/24/1876,460,11,,,,,,,Paulist,,,,,
2,150,,mission,St. Gerhard's Church,Forest City,MN,10/1/1876,10/10/1876,700,3,,,,,,,Paulist,,,,,
2,151,,mission,St. Mary's Church,Shakopee,MN,10/15/1876,10/22/1876,415,3,,,,,,,Paulist,,,,,
2,152,,mission,Church of the Sacred Heart,Belle Plaine,MN,10/29/1876,11/7/1876,1030,4,,,,,,,Paulist,,,,,
2,153,,mission,St. Mary's Church,Le Sueur,MN,11/12/1876,11/19/1876,520,2,,,,,,,Paulist,,,,,
2,154,,mission,St. Patrick's Church,Shieldsville,MN,11/26/1876,12/6/1876,1100,3,,,,,,,Paulist,,,,,
2,155,,mission,Church of the Guardian Angels,Hastings,MN,9/17/1876,9/26/1876,1050,1,,,,,,,Paulist,,,,,
2,156,,mission,St. Joseph's Church,Red Wing,MN,10/1/1876,10/6/1876,240,0,,,,,,,Paulist,,,,,
2,157,,mission,St. Mary's Church,Lake City and West Albany,MN,10/8/1876,10/17/1876,443,2,,,,,,,Paulist,,,,,
2,159,,mission,Church of St. Felix of Valois,Wabasha,MN,10/22/1876,10/29/1876,470,1,,,,,,,Paulist,,,,,
2,160,,mission,Church of the Immaculate Conception,Highland,MN,10/29/1876,11/2/1876,370,1,,,,,,,Paulist,,,,,
2,162,,mission,Church of the Sacred Heart,Owatonna,MN,11/5/1876,11/12/1876,400,3,,,,,,,Paulist,,,,,
2,163,,mission,Church of St. Charles Borromeo,St. Charles,MN,11/19/1876,11/24/1876,375,1,,,,,,,Paulist,,,,,
2,164,,mission,Church of Ss. Peter and Paul,Hart,MN,11/26/1876,11/29/1876,215,2,,,,,,,Paulist,,,,,
2,165,,mission,"Church of Our Lady, Help of Christians",Sioux City,IA,12/3/1876,12/13/1876,750,6,,Dubuque,,,,,Paulist,,,,,
2,166,,mission,,Yankton,SD,12/10/1876,12/17/1876,320,5,,St. Paul,,,,,Paulist,,,,,
2,168,,mission,Church of the Immaculate Conception,Ithaca,NY,12/31/1876,1/9/1877,1120,7,,Rochester,,,,,Paulist,,,,,
2,170,,mission,Church of the Holy Family,Auburn,NY,1/21/1877,2/4/1877,3500,3,,Rochester,,,,,Paulist,,,,,
2,172,,mission,Church of St. Lucy,Syracuse,NY,1/21/1877,1/30/1877,1500,5,,,,,,,Paulist,,,,,
2,173,,mission,Church of the Epiphany,New York,NY,2/11/1877,2/25/1877,5300,0,,,,,,,Paulist,,,,,
2,175,,mission,St. Bridget's Church,New York,NY,3/4/1877,3/18/1877,8000,15,,,,,,,Paulist,,,,,
2,177,,mission,St. Francis de Sales Church,Charlestown,NY,4/8/1877,4/24/1877,6900,25,,,,,,,Paulist,,,,,
2,180,,mission,St John Baptist Church,Salina,NY,4/29/1877,5/9/1877,1900,3,,,,,,,Paulist,,,,,
2,181,,mission,Church of the Sacred Heart,Weymouth,MA,4/29/1877,5/9/1877,1700,0,,,,,,,Paulist,,,,,
2,183,,mission,,Everett,MA,5/13/1877,5/20/1877,468,5,,,,,,,Paulist,,,,,
2,186,,mission,St. James Church,Bay City,MI,9/16/1877,9/26/1877,1700,7,,,,,,,Paulist,,,,,
2,187,,mission,St. Pius Church,Chicago,IL,9/30/1877,10/11/1877,1280,0,,,,,,,Paulist,,,,,
2,189,,mission,St. James Church,Chicago,IL,10/21/1877,11/7/1877,3086,8,,,,,,,Paulist,,,,,
2,191,,mission,St. Aloysius Church,Detroit,MI,11/18/1877,12/4/1877,2000,,,,,,,,Paulist,,,,,
2,193,,mission,St. John's Church,Indianapolis,IN,12/9/1877,12/22/1877,3790,4,,,,,,,Paulist,,,,,
2,196,,mission,Church of OUr Lady of Perpetual Help,Defiance,OH,9/30/1877,10/10/1877,450,1,,,,,,,Paulist,,,,,
2,197,,mission,St Stephen's Church,Flora,IL,10/14/1877,10/21/1887,150,4,,Alton,,,,,Paulist,,,,,
2,198,,mission,Church of St. Charles Borromeo,Charleston,IL,10/28/1877,11/4/1877,160,0,,Alton,,,,,Paulist,,,,,
2,199,,mission,Church Regina Coeli,Marshall,IL,11/4/1877,11/13/1877,340,7,,Alton,,,,,Paulist,,,,,
2,200,,mission,Church of St. Mary,Paris,IL,11/18/1877,11/25/1877,462,2,,Alton,,,,,Paulist,,,,,
2,201,,mission,Church of St. Mary's,St. Mary's of the Woods,IN,11/25/1877,12/4/1877,315,5,,Vincennes,,,,,Paulist,,,,,
2,202,,mission,Church of St. Patrick,Galesburg,IL,12/9/1877,12/19/1877,1000,2,,Peoria,,,,,Paulist,,,,,
2,204,,mission,Church of St. Paul the Apostle,New York,NY,1/6/1878,1/27/1878,6200,6,,New York,,,,,Paulist,,,,,
2,206,,mission,St. Bernard's Church,Rockville,CT,1/21/1878,1/29/1878,1058,6,,Hartford,,,,,Paulist,,,,,
2,207,,mission,St. Paul's Church 117th St.,Harlem,NY,2/3/1878,2/17/1878,4539,0,,New York,,,,,Paulist,,,,,
2,208,,mission,St. Augustine's Church,South Boston,MA,3/3/1878,3/24/1878,5674,11,,Boston,,1000,,,Paulist,,,,,
2,210,,mission,St Bridget's Church,Cleveland,OH,3/31/1878,4/10/1878,1323,1,,,,,,,Paulist,,,,,
2,212,,mission,Church of St. Antony of Padua,White River Junction,VT,3/10/1878,3/17/1878,550,2,,,,,,,Paulist,,,,,
2,214,,mission,St. Mary's Church,Bellows Falls,VT,3/24/1878,4/1/1878,612,1,,,,,,,Paulist,,,,,
2,215,,mission,,"Sandy Hill, Hudson Falls",NY,4/7/1878,4/16/1878,1100,8,,,,,,,Paulist,"The mission was held in Sandy Hills, which is probably Hudson, NY.",,,,
2,216,,mission,Church of St. Bridget,North Manchester,CT,5/5/1878,5/5/1878,645,1,,Hartford,,,,,Paulist,,,,,
2,217,,mission,Church of St. James,South Manchester,CT,5/5/1878,5/12/1878,845,1,,Hartford,,,,,Paulist,,,,,
2,219,,mission,,Brockton,MA,4/28/1878,5/6/1878,2322,7,,Boston,,,,,Paulist,,,,,
2,220,,mission,,West Roxbury,MA,5/12/1878,5/21/1878,424,3,,Boston,,,,,Paulist,,,,,
2,229,,mission,Church of the Epiphany,Monmouth,IL,9/29/1878,10/7/1878,510,1,,Peoria,,,,,Paulist,,,,,
2,230,,mission,Church of Immaculate Conception,Lacon,IL,10/13/1878,10/20/1878,360,0,,Peoria,,,,,Paulist,,,,,
2,231,,mission,Church of St. Patrick,Camp Grove,IL,10/20/1878,10/27/1878,580,1,,Peoria,,,,,Paulist,,,,,
2,232,,mission,Church of St. Patrick,O'Fallon,IL,11/3/1878,11/10/1878,380,1,,Chicago,,,,,Paulist,,,,,
2,232,,mission,,Morrison,IL,11/3/1878,11/10/1878,127,,,,,,,,Paulist,,,,,
2,233,,mission,,,IL,11/14/1878,11/17/1878,93,,,,,,,,Paulist,,,,,
2,233,,mission,,Savannah,IL,11/14/1878,11/17/1878,130,,,,,,,,Paulist,,,,,
2,233,,mission,,Sabula,IL,11/24/1878,11/24/1878,86,,,,,,,,Paulist,,,,,
2,234,,mission,,Lyons,IA,11/24/1878,12/1/1878,860,1,,Dubuque,,,,,Paulist,,,,,
2,235,,mission,Church of St. Paul of the Cross,Jersey City,NY,9/22/1878,10/2/1878,1343,3,,,,,,,Paulist,,,,,
2,236,,mission,,Garder,MA,10/6/1878,10/10/1878,975,,,Springfield,,,,,Paulist,,,,,
2,239,,mission,,Winchendon,MA,10/13/1878,10/21/1878,625,,,Springfield,,,,,Paulist,,,,,
2,240,,mission,,Shullsburg,WI,10/27/1878,11/6/1878,1149,5,,Milwaukee,,,,,Paulist,,,,,
2,342,,mission,St. Pius Church,Chicago,IL,11/10/1878,11/17/1878,1100,,,,,,,,Paulist,,,,,
2,343,,mission,St. Francis de Sales Church,Toledo,OH,11/24/1878,12/4/1878,1688,0,,Cleveland,,,,,Paulist,,,,,
2,344,,mission,St. Mary's Church,Albany,NY,12/8/1878,12/22/1878,3368,,,,,,,,Paulist,,,,,
2,346,,mission,Church of the Holy Rosary,Newburgh,OH,1/5/1879,1/20/1879,1960,,,,,,,,Paulist,,,,,
2,347,,mission,St. Raphael's Church,Madison,WI,1/26/1879,2/5/1879,1896,8,,,,,,,Paulist,,,,,
2,348,,mission,All Saint's Church,Chicago,IL,2/9/1879,2/23/1879,2163,5,,Chicago,,,,,Paulist,,,,,
2,349,,mission,St. Patrick's Church,Providence,RI,3/2/1879,3/16/1879,3507,,,,,,,,Paulist,,,,,
2,350,,mission,St Mary's Church,New London,CT,3/23/1879,4/2/1879,1826,4,,,,,,,Paulist,,,,,
2,352,,mission,St. Thomas Aquinas's Church,Bridgewater,CT,4/20/1879,4/29/1879,1158,,,,,,,,Paulist,,,,,
2,353,,mission,,West Roxbury,MA,5/4/1879,5/12/1879,984,3,,,,,,,Paulist,,,,,
2,354,,mission,St. Leo's Church,Leominster,MA,5/18/1879,5/25/1879,725,,,,,,,,Paulist,,,,,
2,356,,mission,Church of the Holy Trinity,Greenfield,MA,9/14/1879,9/21/1879,550,,,,,,,,Paulist,,,,,
2,356,,mission,,South Deerfield,MA,9/14/1879,9/21/1879,270,,,,,,,,Paulist,,,,,
2,357,,mission,,Shelbourne Falls,MA,9/14/1879,9/21/1879,115,,,,,,,,Paulist,,,,,
2,358,,mission,,Chicopee Falls,MA,9/25/1879,10/6/1879,1200,,,Springfield,,,,,Paulist,,,,,
2,359,,mission,,Johnstown,PA,10/12/1879,10/26/1879,2344,4,,Pittsburgh,,,,,Paulist,,,,,
2,360,,mission,,Ypsilanti,MI,11/2/1879,11/9/1879,480,,,,,,,,Paulist,,,,,
2,360,,mission,,Ann Arbor,MI,11/16/1879,11/24/1879,740,2,,,,,,,Paulist,,,,,
2,362,,mission,Church of St. Paul the Apostle,New York,NY,11/30/1879,12/18/1879,5750,,,,,,,,Paulist,,,,,
2,364,,mission,,Deposit,NY,11/9/1879,11/16/1879,480,,,,,,,,Paulist,,,,,
2,365,,mission,,Harper's Ferry,WV,1/4/1880,1/11/1880,225,2,,Richmond,,,,,Paulist,,,,,
2,366,,mission,,Winchester,VA,1/11/1880,1/20/1880,160,7,,Richmond,,,,,Paulist,,,,,
2,367,,mission,,Martinsburg,WV,1/25/1880,2/2/1880,582,,,,,,,,Paulist,,,,,
2,368,,mission,St. Mary's Church,Little Falls,NY,1/4/1880,1/14/1880,1780,9,,,,,,,Paulist,,,,,
2,369,,mission,,Marine City,MI,1/25/1880,2/1/1800,1000,3,,,,,,,Paulist,,,,,
2,369,,mission,,Algonac,MI,1/25/1880,1/27/1880,150,,,,,,,,Paulist,,,,,
2,370,,mission,,Northfield,MI,2/8/1880,2/15/1880,523,7,,,,,,,Paulist,,,,,
2,371,,mission,,Evansville,IN,2/22/1880,3/2/1880,794,6,,,,,,,Paulist,,,,,
2,372,,mission,,Terre Haute,IN,3/7/1880,3/18/1880,1600,,,,,,,,Paulist,,,,,
2,374,,mission,"St. Rose of Lima's Church, Cannon St",Cannon St.,NY,4/4/1880,4/19/1880,4530,18,,New York,,,,,Paulist,,,,,
2,376,,mission,"St. Jerome's Church, 137th St. and Alexander Avenue",New York,NY,4/25/1880,5/9/1880,2325,5,,New York,,,,,Paulist,,,,,
2,379,,mission,,Chambersburg,PA,9/12/1880,9/18/1880,270,5,,,,,,,Paulist,,,,,
2,381,,mission,Corpus Christi Church,Chambersburg,PA,9/19/1880,9/27/1800,390,2,,,,,,,Paulist,,,,,
2,382,,mission,St. Mary's Church,Hagerstown,MD,10/15/1880,10/15/1880,410,1,,,,,,,Paulist,,,,,
2,383,,mission,,Carlisle,PA,10/17/1880,10/25/1880,195,2,,,,,,,Paulist,,,,,
2,384,,mission,St. Bridget's Church,Rochester,NY,9/12/1880,9/21/1880,1325,1,,,,,,,Paulist,,,,,
2,385,,mission,,Seneca Falls,NY,10/1/1880,10/1/1880,1347,3,,,,,,,Paulist,,,,,
2,386,,mission,,Susquehanna,PA,11/14/1880,11/23/1880,1500,1,,,,,,,Paulist,,,,,
2,388,,mission,,Mamaroneck,NY,12/5/1880,12/12/1880,490,,,,,,,,Paulist,,,,,
2,389,,mission,,Staunton,VA,10/10/1880,10/17/1880,333,,,,,,,,Paulist,,,,,
2,390,,mission,,Lexington,VA,10/24/1880,10/28/1880,24,,,,,,,,Paulist,,,,,
2,391,,mission,,Fredricksburg,VA,10/31/1880,11/4/1880,75,2,,,,,,,Paulist,,,,,
2,392,,mission,,Petersburg,VA,11/7/1880,11/14/1880,325,,,,,,,,Paulist,,,,,
2,393,,mission,St. Patrick's Church,Richmond,VA,11/21/1880,11/28/1880,528,3,,,,,,,Paulist,,,,,
2,394,,mission,Cathedral,Richmond,VA,11/28/1880,12/12/1880,1800,4,,,,,,,Paulist,,,,,
2,395,,mission,,Bergon Point,NJ,1/16/1881,1/27/1881,1975,,,,,,,,Paulist,,,,,
2,397,,mission,St. Peter's Church,Hartford,CT,1/16/1881,1/30/1881,4288,,,,,,,,Paulist,,,,,
2,399,,mission,St. Mark's Church,Kenastia,WI,3/6/1881,3/15/1881,714,,,,,,,,Paulist,,,,,
2,400,,mission,St. Paul's Church,Kenastia,WI,3/20/1881,3/26/1881,400,,,,,,,,Paulist,,,,,
2,400,,mission,,Marine City,MI,3/6/1881,3/15/1881,1055,3,,,,,,,Paulist,,,,,
2,402,,mission,,Delavan,WI,3/20/1881,3/29/1881,536,,,,,,,,Paulist,,,,,
2,403,,mission,St. John's Cathedral,Milwaukee,WI,3/30/1881,4/3/1881,500,,,,,,,,Paulist,,,,,
2,404,,mission,St. Francis Xavier's Church ,Baltimore,MD,4/17/1881,5/1/1881,1350,25,,,,,,,Paulist,,,,,
2,406,,mission,St. Joseph's Church,Circleville,OH,2/6/1881,2/13/1881,430,1,,,,,,,Paulist,,,,,
2,407,,mission,St. Patrick's Church,Racine,WI,3/21/1881,3/29/1881,1017,3,,,,,,,Paulist,,,,,
2,408,,mission,Church of the Assumption,Evansville,IN,2/20/1881,2/27/1881,750,,,,,,,,Paulist,,,,,
2,409,,mission,St. James's Church,Salem,MA,5/8/1881,5/23/1881,3926,1,,,,250,1844,1832,Paulist,"Cf, p. 410 which says 74 converts for this period",,,,
2,411,,retreat,Cathedral,Albany,NY,3/29/1881,4/3/1881,700,,,,,,,,Paulist,,,,,
2,412,,retreat,St. Patrick's Church,Brockton,MA,9/18/1881,9/25/1881,900,,,,,,,,Paulist,,,,,
2,412,,mission,St. Joseph's Church,New York City,NY,10/1/1881,10/8/1881,5000,,,,,,,,Paulist,,,,,
2,413,,mission,St. Mary's Church (Regina Coeli),Marshall,IL,9/18/1881,9/25/1881,382,1,,Altoona,,,,,Paulist,,,,,
2,414,,mission,Church of the Immaculate Conception,Paris,IL,9/25/1881,10/2/1881,375,2,,,,,,,Paulist,,,,,
2,415,,mission,Church of the Immaculate Conception,South Wheeling,WV,9/18/1881,9/25/1881,576,,,,546,30,,,Paulist,,,,,
2,417,,mission,Wheeling Cathedral,Wheeling,WV,10/2/1881,10/16/1881,2500,1,,Wheeling,2099,400,,,Paulist,,,,,
2,419,,mission,St. Pius's Church,Chicago,IL,10/23/1881,11/7/1881,1550,,1,Chicago,,446,569,535,Paulist,,,,,
2,421,,mission,St. Peter's Church,Oshkosh,WI,10/23/1881,10/30/1881,720,1,,,,,,,Paulist,,,,,
2,423,,mission,St. Mary's Church,Appleton,WI,10/30/1881,11/6/1881,620,1,,,,,,,Paulist,,,,,
2,424,,mission,St. Patrick's Church,Chicago,IL,11/13/1881,11/21/1881,4600,2,10,,,,,,Paulist,,,,,
2,426,,mission,St. Bridget's Church,Stanton,WI,12/4/1881,12/11/1881,234,1,,,,,,,Paulist,,,,,
2,428,,mission,Church of the Immaculate Conception,New Richmond,WI,12/18/1881,12/25/1881,404,7,,,,,,,Paulist,,,,,
2,430,,mission,Church of St. Charles Borromeo,Charleston,IL,12/2/1881,12/9/1881,204,,,,,,,,Paulist,,,,,
2,431,,mission,Church of the Annunciation,Brazil,IN,12/4/1881,12/11/1881,335,,,,,,,,Paulist,,,,,
2,432,,mission,,Carbon,IN,12/11/1881,12/16/1881,84,,,,,,,,Paulist,,,,,
2,433,,mission,,Evansville,IN,12/1/1881,12/1/1881,350,,,,,,,,Paulist,,,,,
2,434,,mission,St. Augustine's Church,Boston,MA,12/1/1881,12/1/1881,900,,,,,,,,Paulist,,,,,
2,434,,mission,St. Patrick's Church,Lowell,MA,1/1/1882,1/7/1882,5800,,,,,,,,Paulist,,,,,
2,435,,mission,St. Peter's Church,Hartford,CT,1/8/1882,1/22/1882,4622,2,,,,752,1900,1970,Paulist,,,,,
2,437,,mission,,New Lebanon,NY,1/8/1882,1/15/1882,410,1,,,,,,,Paulist,,,,,
2,439,,mission,St. Rose of Lima,New York,NY,2/5/1882,2/19/1882,4310,5,,,,,,,Paulist,,,,,
2,442,,mission,St. Francis de Sales,Boston ,MA,2/26/1882,3/10/1882,6370,1,6,,,,,,Paulist,,,,,
2,444,,mission,St. John's Cathedral,Milwaukee,WI,3/19/1882,4/2/1882,3270,3,,,,,,,Paulist,,,,,
2,446,,renewal,,Kenastia,WI,4/5/1882,4/9/1882,500,,,,,,,,Paulist,,,,,
2,447,,mission,St. Rose's Church,Chelsea,MA,4/16/1882,4/30/1882,3250,16,,,,,,,Paulist,,,,,
2,448,,mission,St. Mary's Church,Everett,MA,5/7/1882,5/14/1882,497,,3,,,,,,Paulist,,,,,
2,449,,mission,St. Thomas's Church,West Farms,NY,4/2/1882,4/9/1882,442,2,,,,,,,Paulist,,,,,
2,450,,retreat,Cathedral,Albany,NY,5/7/1882,5/14/1882,700,,,,,,,,Paulist,,,,,
2,450,,mission,,Waterville,NY,5/15/1882,5/15/1882,1000,,,,,,,,Paulist,,,,,
2,450,,mission,,Oriskany Falls,NY,5/15/1882,5/15/1882,300,1,,,,,,,Paulist,,,,,
2,451,,mission,,Hamilton,NY,11/1/1881,11/1/1881,550,,,,,,,,Paulist,,,,,
2,451,,mission,,Sherburne,NY,11/1/1881,11/1/1881,250,,,,,,,,Paulist,,,,,
2,451,,mission,,Sing-Sing,NY,5/7/1882,5/14/1882,1350,1,,,,,,,Paulist,,,,,
2,453,,jubilee retreat,St. Joseph's,New York,NY,11/6/1881,11/20/1881,5000,3,,,,,,,Paulist,,,,,
2,454,,mission,Cathedral,Denver,CO,12/4/1881,12/14/1881,2900,4,,,,,,,Paulist,,,,,
2,455,,mission,,Boulder,CO,12/18/1881,12/22/1881,50,1,,,,,,,Paulist,,,,,
2,456,,mission,,St. Vrain Valley,CO,1/8/1882,1/12/1882,35,,,,,,,,Paulist,,,,,
2,456,,mission,Church of the Immaculate Conception,Leadville,CO,1/15/1882,1/29/1882,1700,5,,,,,,,Paulist,,,,,
2,457,,mission,,Idaho Springs,CO,2/19/1882,2/26/1882,100,3,,,,,,,Paulist,,,,,
2,458,,mission,,South Boulder and Fort Collins,CO,3/19/1882,4/2/1882,,,,,,,,,Paulist,,,,,
2,458,,mission,,Mount Robinson,CO,4/16/1882,4/24/1882,120,,,,,,,,Paulist,,,,,
2,459,,mission,,Durango,CO,4/30/1882,5/7/1882,60,,,,,,,,Paulist,,,,,
2,459,,mission,,Gunnison,CO,5/8/1882,5/8/1882,,,,,,,,,Paulist,,,,,
3,5,,mission,,Franklin,PA,9/17/1882,9/24/1882,432,6,,Erie,,,,,Paulist,,2,4,,
3,6,,mission,"St. Jerome's Church, 137th St. and Alexander Ave.",New York,NY,10/1/1882,10/16/1882,2210,1,,New York,,,,,Paulist,,,,,
3,8,,mission,St. Teresa's Church,Brooklyn,NY,10/22/1882,11/5/1882,2740,2,,Brooklyn,,,,,Paulist,,,,,
3,10,,mission,St. John's Church,Bellaire,OH,11/12/1882,11/27/1882,830,2,,Columbus,,,,,Paulist,,,,,
3,12,,mission,St. Patrick's Church,Brockton,MA,11/26/1882,12/10/1882,2918,1,,,,,,,Paulist,,,,,
3,14,,mission,St. Leo's Church,Irvington,NJ,12/17/1882,12/22/1882,125,,,,,,,,Paulist,,,,,
3,15,,mission,,Milford,MA,12/31/1882,1/10/1883,2700,1,,,,,,,Paulist,,,,,
3,17,,mission,St. Paul the Apostle,New York,NY,12/31/1882,1/28/1883,6825,21,,,,,,,Paulist,,,,,
3,20,,mission,Church of the Sacred Heart,East Cambridge,MA,2/4/1883,2/4/1883,5490,2,,,,,,,Paulist,,,,,
3,23,,mission,St. Bridget's Church,New York,NY,3/4/1883,3/25/1883,6082,9,,,,,,,Paulist,,,,,
3,26,,mission,St. Ann's Church,Baltimore,MD,4/15/1883,4/22/1883,970,1,,,,,,,Paulist,,,,,
3,29,,retreat,St. Rose of Lima,New York,NY,4/15/1883,4/22/1883,850,,,,,,,,Paulist,,,,,
3,30,,retreat,St. Rose of Lima,Chelsea,MA,4/22/1883,4/29/1883,1050,,,,,,,,Paulist,,,,,
3,31,,mission,,Rockland,MA,5/6/1883,5/13/1883,1015,1,,,,,,,Paulist,,,,,
3,33,,mission,,Abington,MA,5/13/1883,5/20/1883,952,,,,,,,,Paulist,,,,,
3,34,,mission,,Suffern,NY,5/13/1883,5/21/1883,170,2,,,,,,,Paulist,,,,,
3,34,,mission,St. Marys Church,Houlton,ME,5/27/1883,6/3/1883,470,2,,,,,,,Paulist,,,,,
3,36,,mission,,Fort Fairfield,ME,6/5/1883,6/10/1883,230,,,,,,,,Paulist,,,,,
3,38,,mission,St. Paul's Church,Kensington,CT,5/6/1883,5/13/1883,395,,,,,,,,Paulist,,,,,
3,39,,mission,Our Lady of Mercy,Plainville ,CT,5/13/1883,5/20/1883,298,,,,,,,,Paulist,,,,,
3,43,,mission,St. Elizabeth's Church,Fort Washington,NY,9/16/1883,9/23/1883,670,,,,,,,,Paulist,,,,,
3,43,,mission,St. John's Church,Kings Bridge,NY,9/16/1883,9/23/1883,540,,,,,,,,Paulist,,,,,
3,46,,mission,,Plymouth ,MA,9/16/1883,9/23/1883,575,,,,,,,,Paulist,,,,,
3,47,,mission,,Kingston,MA,9/16/1883,9/19/1883,190,,,,,,,,Paulist,,,,,
3,49,,mission,St. Peter's Church,Poughkeepsie,NY,9/30/1883,10/7/1883,2500,1,,,,,,,Paulist,,,,,
3,52,,mission,St. Patrick's Church,Audenried,PA,9/30/1883,10/7/1883,1600,1,,,,,,,Paulist,,,,,
3,52,,mission,St. Patrick's Church,Beaver Meadows,PA,9/30/1883,10/7/1883,535,,,,,,,,Paulist,,,,,
3,56,,mission,Church of Our Lady of Perpetual Help,Defiance,OH,10/14/1883,10/31/1883,625,,,,,,,,Paulist,,,,,
3,58,,retreat,St. Patrick's Church,Brooklyn,NY,10/7/1883,10/14/1883,1500,,,,,,,,Paulist,,,,,
3,59,,retreat,Church of the Sacred Heart,Brooklyn,NY,10/21/1883,10/28/1883,1000,,,,,,,,Paulist,,,,,
3,60,,mission,Church of the Holy Angels,Chicago,IL,10/14/1883,10/21/1883,625,,,,,,,,Paulist,,,,,
3,61,,mission,Church of St. Peter and Paul,Sandusky,OH,10/28/1883,11/5/1883,1362,1,,,,,,,Paulist,,,,,
3,62,,mission,St. Mary's,Harford Co.,MD,10/28/1883,11/4/1883,217,,,,,,,,Paulist,,,,,
3,63,,mission,St. Ignatius' Church,Hickory,MD,11/4/1883,11/13/1883,563,3,,,,,,,Paulist,,,,,
3,64,,mission,,Port Deposit,MD,11/18/1883,11/25/1883,203,1,,,,,,,Paulist,,,,,
3,65,,mission,St. Michael's Church,Jersey City,NJ,11/11/1883,12/2/1883,4764,12,,,,,,,Paulist,,,,,
3,68,,mission,Church of St. Rose of Lima,New York,NY,12/9/1883,12/23/1883,4410,7,,New York,,215,1703,2412,Paulist,,,,,
3,72,,retreat,St. John's Church,Worcester,MA,1/6/1884,1/13/1884,1120,,,,,,,,Paulist,,,,,
3,74,,mission,St. Mary's Church,Joliet,IL,1/20/1884,2/3/1884,2480,2,,,,,1280,1200,Paulist,,,,,
3,76,,mission,St. James's Church,Chicago,IL,2/10/1884,2/24/1884,3279,,,Chicago,,450,1119,1710,Paulist,,,,,
3,78,,mission,St. Mary's Church,New Britain,CT,3/2/1884,3/16/1884,4642,,9,,,230,2200,2212,Paulist,,,,,
3,81,,mission,St. Joseph's Church,Brooklyn,NY,3/23/1884,4/6/1884,4707,5,,,,300,1840,2567,Paulist,,,,,
3,84,,mission,Cathedral,Richmond,VA,12/9/1883,12/16/1883,1700,6,,,,,,,Paulist,,,,,
3,85,,mission,St. Patrick's Church,Richmond,VA,12/9/1883,12/16/1883,720,,,,,,,,Paulist,,,,,
3,87,,mission,,Norfolk,VA,12/30/1883,1/6/1884,850,4,,,,,,,Paulist,,,,,
3,88,,mission,,Portsmouth,VA,1/6/1884,1/13/1884,800,,,,,,,,Paulist,,,,,
3,89,,mission,,Old Point Comfort,VA,1/15/1884,1/17/1884,170,,,,,,,,Paulist,,,,,
3,90,,mission,,Petersburg,VA,1/20/1884,1/27/1884,320,1,,,,,,,Paulist,,,,,
3,91,,mission,,Lynchburg,VA,1/27/1884,2/3/1884,625,2,,,,,,,Paulist,,,,,
3,92,,mission,,Staunton,VA,2/10/1884,2/17/1884,370,1,,,,,,,Paulist,,,,,
3,92,,mission,,Harrisonburg,VA,2/10/1884,2/17/1884,72,,,,,,,,Paulist,,,,,
3,93,,mission,,Martinsburg,WV,2/17/1884,2/24/1884,670,5,,,,,,,Paulist,,,,,
3,93,,mission,,Winchester,VA,3/2/1884,3/9/1884,153,,4,,,,,,Paulist,,,,,
3,94,,mission,,Keyset,WV,3/11/1884,3/16/1884,190,,,,,,,,Paulist,,,,,
3,94,,mission,,Harper's Ferry,WV,3/19/1884,3/23/1884,250,,2,,,,,,Paulist,,,,,
3,95,,mission,,Havre de Grace,MD,3/30/1884,4/6/1884,380,1,,,,,,,Paulist,,,,,
3,96,,mission,St. Martin's Church,Baltimore,MD,4/20/1884,5/4/1884,2000,2,,,,,,,Paulist,,,,,
3,97,,retreat,St. Paul's Church,New York,NY,4/27/1884,5/4/1884,1000,,,,,,,,Paulist,,,,,
3,98,,mission,St. Patrick's Church,Lowell,MA,5/5/1884,5/5/1884,6508,,,,,,2437,4071,Paulist,,,,,
3,103,,mission,St. Peter's Church,Poughkeepsie,NY,9/14/1884,9/21/1884,2100,,,,,,,,Paulist,,,,,
3,104,,mission,St. Jerome's Church,New York,NY,9/28/1884,10/5/1884,2475,4,,,,,,,Paulist,,,,,
3,107,,mission,St. Columba's Church,Ottowa,IL,10/14/1884,10/21/1884,1675,,,,,,,,Paulist,,,,,
3,108,,mission,,Seneca,IL,10/21/1884,10/21/1884,550,,,,,,,,Paulist,,,,,
3,111,,mission,,Marseilles,IL,10/21/1884,10/21/1884,150,,,,,,,,Paulist,,,,,
3,113,,mission,St. James's Church,New York,NY,11/9/1884,12/11/1884,11020,12,,,,1465,3805,5750,Paulist,,,,,
3,119,,retreat,St. John's Church,Utica,NY,12/14/1884,12/21/1884,800,,,,,,,,Paulist,,,,,
3,121,,retreat,Church of the Immaculate Conception,New York,NY,1/11/1885,1/19/1885,5000,,,,,,,,Paulist,,,,,
3,122,,retreat,Manhattan College,New York,NY,1/27/1885,1/29/1885,260,,,,,,,,Paulist,,,,,
3,123,,mission,Church of St. Paul the Apostle,New York,NY,2/1/1885,2/15/1885,6950,10,,,,500,2750,3700,Paulist,,,,,
3,129,,mission,St. James's Church,Salem,MA,2/22/1885,3/8/1885,4113,,,,,396,1703,2014,Paulist,,,,,
3,131,,mission,St. Thomas's Church,Mamaroneck,NY,3/8/1885,3/15/1885,630,6,,,,,,,Paulist,,,,,
3,132,,mission,,Waukesha,WI,3/7/1885,3/15/1885,623,,,,,,,,Paulist,,,,,
3,134,,mission,St. Joseph's Church,Terre Haute,IN,3/22/1885,3/29/1885,1100,7,,,,,,,Paulist,,,,,
3,136,,mission,St. Augustine's Church,Morrissania,NY,4/12/1885,4/19/1885,997,5,,,,,,,Paulist,,,,,
3,137,,mission,St. Thomas's Church,West Farms,NY,4/12/1885,4/19/1885,336,,,,,,,,Paulist,,,,,
3,139,,mission,St. Elizabeth's Church,Chicago,IL,4/12/1885,4/21/1885,1676,1,,,,,,,Paulist,,,,,
3,141,,mission,St. Patrick's Church,Newburgh,NY,4/26/1885,5/10/1885,2485,1,,,,,1135,1350,Paulist,,,,,
3,144,,mission,All Saints' Church,Chicago,IL,4/26/1885,5/10/1885,2544,,,,,,,,Paulist,,,,,
3,146,,mission,St. Patrick's Church,Brooklyn,NY,5/17/1885,5/31/1885,5560,,,,,,2480,3080,Paulist,,,,,
3,149,,retreat,St. Bridget's Church,Abington,MA,6/3/1885,6/8/1885,230,,,,,,,,Paulist,,,,,
3,152,,mission,,Perth Amboy,NJ,9/13/1885,9/20/1885,1042,,,,,,,,Paulist,,,,,
3,153,,mission,Church of the Immaculate Conception,Yonkers,NY,9/13/1885,9/27/1885,3772,,,,,215,1650,1907,Paulist,,,,,
3,156,,mission,,Currie,MN,9/27/1885,10/4/1885,232,,,,,,,,Paulist,,,,,
3,157,,mission,,Tracy,MN,10/4/1885,10/9/1885,67,,,,,,,,Paulist,,,,,
3,158,,mission,,Willow Lake,MN,10/4/1885,10/7/1885,69,,,,,,,,Paulist,,,,,
3,159,,mission,"St. Peter's Church, Capitol Hill",Washington,DC,10/4/1885,10/14/1885,2235,4,,,,,,,Paulist,,,,,
3,163,,mission,,Fulda,MN,10/11/1885,10/18/1885,300,,,,,,,,Paulist,,,,,
3,164,,mission,,Woodstock,MN,10/16/1885,10/21/1885,109,,,,,,,,Paulist,,,,,
3,166,,mission,,Pipestone,MN,10/24/1885,10/24/1885,50,,,,,,,,Paulist,,,,,
3,169,,mission,Cathedral,Baltimore,MD,10/18/1885,11/1/1885,2505,,,,,,888,1617,Paulist,,,,,
3,174,,mission,Church of the Holy Family,Auburn,NY,11/8/1885,11/22/1885,3900,2,,,,,1970,1930,Paulist,,,,,
3,177,,mission,St. Patrick's Church,Pittsburgh,PA,11/8/1885,11/22/1885,3048,,,,,,1480,1565,Paulist,,,,,
3,179,,mission,St. Thomas Aquinas's Church,Jamaica Plain,MA,11/29/1885,12/13/1885,2770,,,,,,1160,1610,Paulist,,,,,
3,181,,mission,,Terre Haute,IN,11/28/1885,12/2/1885,1000,7,,,,,,,Paulist,,,,,
3,182,,mission,St. Lucy's Church,Syracuse,NY,12/13/1885,12/21/1885,2527,,,,,,,,Paulist,,,,,
3,183,,mission,St. James's Church,New York,NY,1/3/1886,1/17/1886,8700,11,,,,,,,Paulist,,,,,
3,184,,mission,,Union Springs,NY,1/10/1886,1/17/1886,300,1,,,,,,,Paulist,,,,,
3,185,,mission,Church of the Immaculate Conception,New York,NY,1/24/1886,2/21/1886,11052,20,,,,,,,Paulist,,,,,
3,189,,mission,Church of the Immaculate Conception,Washington,DC,2/28/1886,3/9/1886,1774,6,,,,,,,Paulist,,,,,
3,190,21,retreat,St. Charles College,Ellicot City,MD,2/23/1886,2/28/1886,50,,,,,,,,Paulist,,,,,
3,191,22,mission,,Phelps,NY,3/7/1886,3/15/1886,250,,,Rochester,,,,,Paulist,,,,,
3,192,23,mission,St. Joseph's Church,New York,NY,3/14/1886,3/28/1886,5900,4,,,,,,,Paulist,,,,,
3,195,24,mission,,Mobile,AL,2/28/1886,3/8/1886,900,4,,,,,,,Paulist,,,,,
3,198,25,mission,Church of St. John the Baptist,New Orleans,LA,3/1/1886,3/1/1886,4300,,,,,,,,Paulist,,,,,
3,200,26,mission,St. Bernard's Church,New York,NY,4/4/1886,4/18/1886,5535,,,,,,2405,3130,Paulist,,,,,
3,201,,retreat,Church of the Annunciation,Manhattanville,NY,4/4/1886,4/11/1886,1500,,,,,,,,Paulist,,,,,
3,201,,retreat,St. Teresa's Church,New York,NY,4/11/1886,4/18/1886,2700,,,,,,,,Paulist,,,,,
3,201,27,mission,St. Mary's Church,Canandaigua,NY,5/9/1886,5/17/1886,1760,4,,,,,,,Paulist,,,,,
3,204,28,mission,St. John's Cathedral,Milwaukee,WI,5/2/1886,5/16/1886,2946,,,,,,1350,1596,Paulist,,,,,
3,207,29,mission,St. Mary's Star of the Sea,Long Branch,NY,5/23/1886,5/30/1886,515,,,Trenton,,,,,Paulist,,,,,
3,208,30,mission,,Kenoska,WI,5/23/1886,5/30/1886,750,,,,,,,,Paulist,,,,,
3,211,31,mission,,Goshen,NY,5/30/1886,6/6/1886,680,,,,,,,,Paulist,,,,,
3,211,,retreat,,Morristown,NJ,5/1/1886,5/1/1886,800,,,,,,,,Paulist,,,,,
3,214,,mission,,West Point,NY,9/12/1886,9/19/1886,375,,,,,,,,Paulist,,,,,
3,214,,mission,,Highland Falls,NY,9/19/1886,9/26/1886,475,,,,,,,,Paulist,,,,,
3,217,,mission,Church of the Immaculate Conception,Minneapolis,MN,9/19/1886,9/27/1886,2265,2,,,,,,,Paulist,,,,,
3,218,,mission,St. Michael's Church,West St. Paul,MN,9/26/1886,10/4/1886,721,,,,,,,,Paulist,,,,,
3,219,,mission,St. Thomas Aquinas's Church,Jamaica Plain,MA,10/3/1886,10/17/1886,2700,2,,,,,,,Paulist,,,,,
3,220,,mission,St. Paul's Cathedral,St. Paul,MN,10/3/1886,10/17/1886,3203,2,,,,,1360,1843,Paulist,,,,,
3,222,,mission,St. Thomas's Church,Winona,MN,10/24/1886,10/31/1886,1140,4,,,,,,,Paulist,,,,,
3,223,,mission,St. Ann's Church,Baltimore,MD,10/24/1886,10/31/1886,920,2,,,,,,,Paulist,,,,,
3,224,,mission,Church of the Sacred Heart,Waseca,MN,10/24/1886,10/31/1886,675,,,,,,,,Paulist,,,,,
3,225,,mission,Church of the Sacred Heart,Owatonna,MN,10/31/1886,11/7/1886,460,,,,,,,,Paulist,,,,,
3,226,,mission,St. Mary's Church,St. Paul,MN,11/7/1886,11/16/1886,1651,3,,,,,,,Paulist,,,,,
3,228,,mission,St. Paul's Church,Birmingham,AL,11/7/1886,11/17/1886,500,5,,,,,,,Paulist,,,,,
3,229,,mission,St. Patrick's Church,Shieldsville,MN,11/21/1886,11/28/1886,636,,,,,,,,Paulist,,,,,
3,231,,mission,St. Augustine's Church,Austin,MN,11/21/1886,11/28/1886,700,,,,,,,,Paulist,,,,,
3,232,,mission,,"Oyster Bay, Long Island",NY,10/24/1886,10/28/1886,294,,,,,,,,Paulist,,,,,
3,232,,mission,,"Huntington, Long Island",NY,11/7/1886,11/14/1886,416,1,,,,,,,Paulist,,,,,
3,233,,mission,,Aurora,NY,11/21/1886,11/28/1886,324,,,Rochester,,,,,Paulist,,,,,
3,233,,retreat,St. Bernard's Church,New York,NY,12/5/1886,12/12/1886,2700,,,,,,,,Paulist,,,,,
3,234,,mission,St. Peter's Church,Montgomery,AL,11/21/1886,11/30/1886,495,2,,,,,,,Paulist,,,,,
3,236,,mission,Church of the Immaculate Conception,Faribault,MN,11/28/1886,12/5/1886,917,,,,,,,,Paulist,,,,,
3,237,,mission,St. Anthony of Padua's Church,East Minneapolis,MN,12/5/1886,12/13/1886,1818,6,,,,,,,Paulist,,,,,
3,238,,mission,St. Michael's Church,Pensacola,FL,12/5/1886,12/17/1886,875,20,,,,,,,Paulist,,,,,
3,240,,mission,St. Joseph's Church,St. Paul,MN,12/19/1886,12/26/1886,1354,,,,,,,,Paulist,,,,,
3,242,,mission,,Farmington,MN,12/19/1886,12/22/1886,145,1,,,,,,,Paulist,,,,,
3,245,,mission,,Boston,MA,1/9/1887,1/19/1887,1120,,,,,,,,Paulist,,,,,
3,246,,renewal,St. Patrick's Church,Pittsburgh,PA,1/9/1887,1/23/1887,2822,16,,,,,1436,1386,Paulist,,,,,
3,248,,mission,St. Mary's Church,Honeoye,NY,1/30/1887,2/13/1887,253,2,,,,,,,Paulist,,,,,
3,248,,mission,St. William's Church,Conesus,NY,1/30/1887,2/13/1887,120,3,,,,,,,Paulist,,,,,
3,248,,mission,St. Michael's Church,Livonia,NY,1/30/1887,2/13/1887,430,1,,,,,,,Paulist,,,,,
3,249,,mission,,Honeoye Falls,NY,1/30/1887,2/13/1887,355,1,,,,,,,Paulist,,,,,
3,249,,mission,,East Rush,NY,1/30/1887,2/13/1887,335,,,,,,,,Paulist,,,,,
3,250,,mission,St. Teresa's Church,New York,NY,2/13/1887,3/13/1887,6915,25,,,,660,2564,3691,Paulist,,,,,
3,252,,retreat,Church of St. John the Evangelist,New York,NY,3/12/1887,4/3/1887,,,,,,,,,Paulist,,,,,
3,253,,mission,Church of the Annunciation,New York,NY,3/20/1887,4/3/1887,2420,4,,,,,,,Paulist,,,,,
3,254,,mission,,Seneca Falls,NY,3/29/1887,4/3/1887,1870,2,,,,,955,915,Paulist,,,,,
3,256,,mission,Church of the Sacred Heart,West Fitchburg,MA,4/17/1887,4/24/1887,761,,,,,,,,Paulist,,,,,
3,257,,mission,St. Patrick's Church,Weston,WV,4/17/1887,4/24/1887,253,,,,,,,,Paulist,,,,,
3,258,,mission,St. Boniface Church,Leading Creek,WV,4/25/1887,4/25/1887,164,,,,,,,,Paulist,,,,,
3,259,,mission,St. Matthew's Church,Shullsburg,WI,5/1/1887,5/8/1887,830,1,,,,,,,Paulist,,,,,
3,260,,mission,St. Augustine's Church,Brooklyn,NY,4/17/1887,5/8/1887,3655,,,,,200,1150,2305,Paulist,,,,,
3,262,,mission,,Wyandotte,MI,5/8/1887,5/15/1887,43,1,,,,,,,Paulist,,,,,
3,263,,mission,St. John's Church,"Dayton's Bluff, St. Paul",MN,5/15/1887,5/22/1887,709,,,,,,,,Paulist,,,,,
3,264,,mission,,Luverne,MN,5/22/1887,5/29/1887,180,,,,,,,,Paulist,,,,,
3,265,,mission,,Ellsworth,MN,5/29/1887,5/29/1887,100,,,,,,,,Paulist,,,,,
3,266,,mission,Church of St. Mary of the Assumption,"Port Richmond, Staten Island",NY,5/22/1887,5/29/1887,,,,,,,,,Paulist,,,,,
3,266,,mission,,Seabright,NJ,5/29/1887,6/6/1887,180,,,,,,,,Paulist,,,,,
3,268,,mission,St. Michael's Church,Stillwater,MN,6/5/1887,6/18/1887,1100,3,,,,,,,Paulist,,,,250,
3,272,,mission,Church of the Sacred Heart,Bridgeport,CT,9/11/1887,9/20/1887,1600,1,,,,,,,Paulist,,,,,
3,273,,mission,St. Augustine's Church,Union Hill,NJ,9/1/1887,9/1/1887,652,,,,,,,,Paulist,,,,,
3,274,,mission,Church of Our Lady of the Sacred Heart,Chelsea,MI,9/18/1887,9/25/1887,550,1,,,,,,,Paulist,,,,,
3,275,,mission,St. Mary's Church,Pinckney,MI,9/20/1887,10/2/1887,445,1,,,,,,,Paulist,,,,,
3,277,,mission,,Bethel,CT,9/25/1887,10/2/1887,430,1,,Hartford,,,,,Paulist,,,,,
3,278,,mission,St. Rose's Church,Lima,NY,10/2/1887,10/9/1887,812,,,,,,,,Paulist,,,,,
3,279,,mission,St. Joseph's Church,West Bloomfield,NY,10/8/1887,10/12/1887,228,,,,,,,,Paulist,,,,,
3,280,,mission,,Lenox,MA,10/9/1887,10/23/1887,765,2,,,,,,,Paulist,,,,,
3,280,,mission,,Lee,MA,10/9/1887,10/23/1887,1070,1,,,,,,,Paulist,,,,,
3,280,,mission,,South Lee,MA,10/9/1887,10/23/1887,100,,,,,,,,Paulist,,,,,
3,282,,mission,,Ithaca,NY,10/9/1887,10/23/1887,1482,3,,,,,606,876,Paulist,,,,165,
3,284,,mission,,Cayuga,NY,10/24/1887,10/28/1887,300,,,,,,,,Paulist,,,,,
3,285,,mission,,Avon,NY,10/30/1887,11/6/1887,825,3,,,,,,,Paulist,,,,326,
3,286,,mission,St. Mary's Church,Westfield,MA,10/30/1887,11/6/1887,1314,1,,,,,,,Paulist,,,,,
3,287,,mission,,Penn Yan,NY,11/13/1887,11/20/1887,1025,4,,,,,,,Paulist,,,,,
3,288,,mission,Church of the Transfiguration,New York,NY,11/13/1887,11/20/1887,2540,,,,,,970,1570,Paulist,,,,,
3,290,,mission,,Greenport,NY,10/23/1887,10/30/1887,300,1,,,,,,,Paulist,,,,,
3,290,,mission,,Glen Cove,NY,11/6/1887,11/13/1887,830,,,,,,,,Paulist,,,,,
3,291,,mission,,Sag Harbor,NY,11/27/1887,12/4/1887,600,,,,,,,,Paulist,,,,,
3,292,,mission,St. Stephen's Church,Pittsburgh,PA,11/27/1887,12/11/1887,1325,3,,,,,,,Paulist,,,,,
3,293,,mission,St. Andrew's Church,New York,NY,12/4/1887,12/20/1887,3022,5,,,,,1440,1582,Paulist,,,,925,
3,294,,mission,,Far Rockaway,NY,1/15/1888,1/22/1888,511,,,,,,,,Paulist,,,,,
3,295,,mission,St. Mary's Church,Norfolk,VA,1/8/1888,1/19/1888,810,,,,,,,,Paulist,,,,,
3,296,,mission,St. Patrick's Church,Lockport,NY,1/22/1888,1/29/1888,1435,,,Buffalo,,,,,Paulist,,,,,
3,297,,mission,Church of St. Paul the Apostle,New York,NY,1/29/1888,2/12/1888,8396,4,,,,1000,3021,4375,Paulist,,,,,
3,297,,mission,,Macedon,NY,2/5/1888,2/13/1888,440,1,,,,,,,Paulist,,,,,
3,298,,mission,St. Paul's Church,Harlem,NY,2/19/1888,3/4/1888,3435,12,,,,,1630,1805,Paulist,,,,,
3,299,,mission,Church of the Sacred Heart,Worcester,MA,2/19/1888,3/4/1888,2678,1,,,,174,1301,1203,Paulist,,,,961,
3,301,,mission,,Lyons,NY,3/11/1888,3/19/1888,465,,,,,,,,Paulist,,,,,
3,301,,mission,,Newark,NY,3/11/1888,3/19/1888,350,,,,,,,,Paulist,,,,,
3,303,,mission,Church of St. John the Evangelist,New York,NY,3/11/1888,3/25/1888,5300,,,,,,2990,2310,Paulist,,,,1000,
3,304,,mission,,Morrisania,NY,4/8/1888,4/15/1888,1075,5,,,,,,,Paulist,,,,,
3,304,,mission,,West Farms,NY,4/8/1888,4/15/1888,318,,,,,,,,Paulist,,,,,
3,305,,mission,St. Bernard's Church,Fitchburg,MA,4/8/1888,4/22/1888,1291,,,,,,1291,1700,Paulist,,,,,
3,306,,mission,St. Leo's Church,Leominster,MA,4/8/1888,4/15/1888,960,,,,,,,,Paulist,,,,,
3,307,,mission,,Newburyport,MA,4/22/1888,5/7/1888,2377,,,,,,942,1435,Paulist,,,,766,
3,309,,mission,St. Elizabeth's Church,Chicago,IL,4/22/1888,5/6/1888,1985,1,,,,,885,1100,Paulist,,,,170,
3,310,,mission,,Morristown,NJ,5/13/1888,5/28/1888,1727,,,,,127,650,950,Paulist,,,,,
3,312,,mission,,West Stockbridge,MA,5/14/1888,5/20/1888,686,1,,,,,,,Paulist,,,,,
3,313,,mission,,Stockbridge,MA,5/20/1888,5/27/1888,452,,,,,,,,Paulist,,,,,
3,314,,mission,,Galesburg,IL,5/14/1888,5/20/1888,1020,,,Peoria,,,,,Paulist,,,,,
3,315,,mission,,Wyandotte,MI,5/22/1888,5/28/1888,600,,,,,,,,Paulist,,,,,
3,316,,mission,,Suffern,NJ,6/3/1888,6/10/1888,180,3,,,,,,,Paulist,,,,,
3,316,,mission,,Tuxedo Park,NJ,6/10/1888,6/16/1888,97,,,,,,,,Paulist,,,,,
3,318,,mission,St. Bridget's Church,Rochester,NY,9/9/1888,9/17/1888,1550,,,Rochester,,,,,Paulist,,,,500,
3,320,,mission,Church of the Holy Apostles,Rochester,NY,9/16/1888,9/23/1888,1020,13,,,,,,,Paulist,,,,,44
3,321,,mission,St. Michael's Church,Frostburg,MD,9/16/1888,9/23/1888,1232,1,,,,,,,Paulist,,,,,
3,323,,mission,,Westport,CT,9/16/1888,9/24/1888,500,,,,,,,,Paulist,,,,,
3,325,,mission,St. Patrick's Church,Mt. Savage,MD,9/23/1888,9/30/1888,478,1,,,,,,,Paulist,,,,150,
3,327,,mission,St. Thomas's Church,Mooresville,MD,10/4/1888,10/10/1888,36,,,,,,,,Paulist,,,,,
3,328,,mission,St. Peter's Church,Hancock,MD,9/30/1888,10/6/1888,204,,,,,,,,Paulist,,,,,
3,330,,mission,,Little Orleans,MD,10/7/1888,10/10/1888,96,,,,,,,,Paulist,,,,,
3,332,,mission,Church of the Immaculate Conception,Brooklyn,NY,9/30/1888,10/14/1888,2470,8,,,,,1360,1110,Paulist,,,,825,
3,335,,mission,St. Mary's Church,Davenport,IA,10/7/1888,10/14/1888,715,5,,,,,,,Paulist,,,,,
3,336,,mission,St. Joseph's Church,Rock Island,IL,10/14/1888,10/21/1888,860,3,,,,,,,Paulist,,,,,
3,338,,mission,St. Anthony's Church,Davenport,IA,10/21/1888,10/29/1888,980,2,,,,,,,Paulist,,,,,
3,339,,mission,St. Ignatius's Church,Hickory,IN,10/21/1888,10/28/1888,420,3,,,,,,,Paulist,,,,,
3,340,,mission,,Bergen Point,NJ,10/21/1888,11/4/1888,3890,10,,,,,2100,1790,Paulist,,,,,
3,343,,mission,St. Matthias's Church,Muscatine,IA,11/4/1888,11/12/1888,720,,,,,,,,Paulist,,,,,
3,344,,mission,St. Joseph's Church,Weedsport,NY,11/11/1888,11/18/1888,416,1,,,,,,,Paulist,,,,,
3,345,,mission,St. John's Church,Port Byron,NY,11/18/1888,11/21/1888,128,3,,,,,,,Paulist,,,,,
3,346,,mission,St. Michael's Church,Montezuma,NY,11/22/1888,11/25/1888,165,2,,,,,,,Paulist,,,,,
3,347,,mission,Church of Our Lady of Perpetual Help,Defiance,OH,11/18/1888,11/26/1888,640,,,,,,,,Paulist,,,,,
3,348,,mission,Church of Ss. Peter and Paul,Brooklyn,NY,11/11/1888,11/25/1888,4070,8,,,,,1810,2260,Paulist,,,,1450,
3,350,,mission,,Rye,NY,12/2/1888,12/9/1888,394,,,,,,,,Paulist,,,,,
3,352,,mission,Church of the Holy Innocents,New York,NY,12/9/1888,12/23/1888,4712,5,,,,,1797,2915,Paulist,,,,700,
3,354,,renewal,,Far Rockaway,NY,12/30/1888,1/1/1889,485,,,,,,,,Paulist,,,,,
3,356,,mission,St. Agne's Church,New York,NY,1/6/1889,1/20/1889,5804,6,,,,370,2184,3250,Paulist,,,,1400,
3,359,,mission,Church of the Holy Name,Newburgh,OH,1/6/1889,1/20/1889,2685,1,,,,,,,Paulist,,,,450,
3,360,,mission,Church of the Holy Cross,Marine City,MI,1/27/1889,2/3/1889,1250,3,,,,,,,Paulist,,,,,160
3,362,,mission,Sing Sing Prison,Ossining,NY,1/27/1889,2/3/1889,580,,,,,,,,Paulist,,,,,
3,364,,mission,St. Joseph's Church,Jersey City Heights,NJ,1/21/1889,2/10/1889,3273,4,,,,,1525,1748,Paulist,,,,700,
3,368,,mission,Church of the Epiphany,New York,NY,2/17/1889,3/3/1889,4957,,,,,,2157,2800,Paulist,,,,,
3,370,,mission,St. Teresa's Church,New York,NY,3/10/1889,4/7/1889,7131,,,New York,,723,2548,3860,Paulist,,,,2400,
3,373,,mission,,Gloucester,MA,3/24/1889,4/7/1889,2900,,4,,,,,,Paulist,,,,,
3,375,,retreat,St. Matthew's Church,Washington,DC,4/7/1889,4/14/1889,1000,,,,,,,,Paulist,,,,,
3,376,,mission,St. Patrick's Church,Wyandotte,MI,4/14/1889,4/21/1889,895,,,,,,,,Paulist,,,,,
3,376,,mission,St. Joseph's Church,Trenton,MI,4/14/1889,4/21/1889,475,5,,,,,,,Paulist,,,,,
3,376,,mission,St. Ann's Church,Palmyra,NY,4/28/1889,5/5/1889,455,,,,,,,,Paulist,,,,,
3,379,,mission,,West Point,NY,5/19/1889,6/2/1889,366,,,,,,,,Paulist,,,,,
3,379,,mission,,Highland Falls,NY,5/19/1889,6/2/1889,433,2,,,,,,,Paulist,,,,,
3,382,,mission,St. Paul's Cathedral,Pittsburgh,PA,4/24/1889,5/12/1889,6980,20,,,,575,2730,3645,Paulist,,,,,508
3,385,,mission,,Short Hills,NJ,6/9/1889,6/16/1889,417,1,,Newark,,,,,Paulist,,,,,
3,387,,mission,,Mt. Pleasant,IA,5/12/1889,5/19/1889,425,,,,,,,,Paulist,,,,,
3,389,,mission,,Streator,IL,5/26/1889,6/2/1889,,2,,,,,,,Paulist,,,,,
3,390,,mission,St. John's Church,Worcester,MA,5/19/1889,6/2/1889,6000,1,,,,650,2500,2850,Paulist,,,,,
3,392,,mission,,Mystic Bridge,CT,6/5/1889,6/16/1889,285,,,,,,,,Paulist,,,,,
3,392,,mission,,Stonington,CT,6/5/1889,6/16/1889,450,,,,,,,,Paulist,,,,,
3,394,,mission,,Pontiac,IL,6/2/1889,6/9/1889,365,,,,,,,,Paulist,,,,117,
3,395,,mission,,Flanagan,IL,6/9/1889,6/15/1889,250,,,,,,,,Paulist,,,,125,
4,52,,mission,St. Rose's Church,Chelsea,MA,9/8/1889,9/23/1889,4006,2,,,,,2302,1704,Paulist,,,,,180
4,55,,mission,St. Peter's Church,Belleville,NJ,9/15/1889,9/22/1889,1205,,,,,,,,Paulist,,,,,
4,56,,mission,,Irvington,NJ,9/22/1889,9/26/1889,300,,,,,,,,Paulist,,,,,
4,58,,mission,,Tarrytown,NY,9/29/1889,10/6/1889,1277,,,,,,,,Paulist,,,,600,
4,60,,mission,St. Mary's Church,Ticonderoga,NY,9/30/1889,10/6/1889,475,,,,,,,,Paulist,,,,,
4,61,,mission,St. Augustine's Church,Sing Sing,NY,10/6/1889,10/13/1889,1493,,,,,,,,Paulist,,,,500,
4,62,,mission,St. Bernard's Church,Rockville,CT,10/20/1889,11/3/1889,2004,1,,,,,,,Paulist,,,,,
4,64,,mission,St. John's Church,Concord,MA,9/29/1889,10/7/1889,1665,,1,,,,,,Paulist,,,,,216
4,66,,mission,St. James's Church,Boston,MA,10/13/1889,11/10/1889,8200,,,,,,3550,4650,Paulist,,,,2200,150
4,69,,mission,Church of the Assumption,Evansville,IN,10/13/1889,10/21/1889,700,,,,,,,,Paulist,,,,,
4,73,,mission,Church of St. Lawrence,Muncie,IN,10/27/1889,11/3/1889,2125,3,3,,,,,,Paulist,,,,,
4,77,,mission,St. Paul's Church,Noblesville,IN,11/10/1889,11/17/1889,83,,,,,,,,Paulist,,,,,
4,81,,mission,St. Mary's Church,Anderson,IN,11/17/1889,11/22/1889,525,6,,,,,,,Paulist,,,,120,
4,83,,mission,,North Warren,MA,11/17/1889,11/25/1889,1450,,,,,,,,Paulist,,,,,
4,85,,mission,St. Mary's Church,Charlestown,MA,11/17/1889,12/1/1889,4466,,,,,675,1680,2100,Paulist,,,,1600,70
4,87,,mission,St. Patrick's Church,Washington,DC,12/1/1889,12/10/1889,1250,5,,,,,,,Paulist,,,,,
4,90,,mission,St. Agnes's Church,Pittsburgh,PA,1/1/1890,1/19/1890,2720,3,,,,450,1070,1200,Paulist,,,,,
4,93,,mission,,Rye,NY,11/10/1889,11/17/1889,450,,,,,,,,Paulist,,,,,
4,94,,mission,Church of the Transfiguration,Brooklyn,NY,12/8/1889,12/22/1889,2972,,,,,,,,Paulist,,,,,
4,96,,mission,Church of St. Rose of Lima,New York,NY,1/5/1890,1/19/1890,4192,5,,,,450,1840,1902,Paulist,,,,1450,
4,98,,mission,St. Mary's Church,Genesee,NY,1/26/1890,2/2/1890,535,,3,,,,,,Paulist,,,,,
4,99,,mission,St. Patrick's Church,Augusta,GA,1/12/1890,1/26/1890,1235,1,,,,,,,Paulist,,,,,
4,102,,mission,,Washington,GA,1/26/1890,1/26/1890,150,,,,,,,,Paulist,,,,,
4,103,,mission,St. Joseph's Church,Springfield,IL,1/26/1890,2/2/1890,930,3,,,,,,,Paulist,,,,,
4,105,,mission,Church of the Immaculate Conception,Springfield,IL,2/2/1890,2/11/1890,2900,2,,,,,,,Paulist,,,,,
4,108,,mission,Cathedral of Our Lady of Perpetual Help,Savannah,GA,2/2/1890,2/16/1890,2343,3,,,,,,,Paulist,,,,,
4,110,,mission,St. Gabriel's Church,New York,NY,2/9/1890,3/9/1890,9520,11,,,,,,,Paulist,,,,3260,234
4,112,,mission,St. Michael's Church,Pensacola,FL,2/23/1890,3/4/1890,770,,,,,,,,Paulist,,,,,
4,114,,mission,Cathedral,Mobile,AL,3/9/1890,3/17/1890,1230,,,,,,,,Paulist,,,,,
4,115,,mission,St. John's Church,Canton,MA,3/16/1890,3/30/1890,1875,,,,,,,,Paulist,,,,,
4,117,,mission,St. Cecilia's Church,New York,NY,3/16/1890,3/30/1890,6420,5,,,,,,,Paulist,,,,,
4,118,,mission,,Birmingham,AL,3/23/1890,3/30/1890,870,,,,,,,,Paulist,,,,,
4,119,,mission,St. Patrick's Church,Brooklyn,NY,4/13/1890,4/28/1890,5613,,,,,230,2450,2933,Paulist,,,,550,
4,121,,mission,St. John's Church,Schenectady,NY,4/13/1890,4/27/1890,2337,,,,,,,,Paulist,,,,,
4,122,,mission,St. Michael's Church,Springfield,MA,5/4/1890,5/18/1890,5151,5,,,,,,,Paulist,,,,,193
4,123,,mission,St. John's Church,Pittsburgh,PA,5/4/1890,5/18/1890,1900,,,,,250,850,800,Paulist,,,,,
4,126,,mission,St. Vincent de Paul's Church,Mt. Vernon,OH,5/25/1890,6/1/1890,630,1,,,,,,,Paulist,,,,,
4,127,,mission,St. Jarlath's Church,Chicago,IL,5/25/1890,6/1/1890,1413,1,,,,,,,Paulist,,,,,
4,128,,mission,Church of the Blessed Sacrament,Providence,RI,5/25/1890,6/1/1890,1300,,,,,,,,Paulist,,,,,
4,129,,mission,,Livingston,NJ,6/1/1890,6/11/1890,30,,,,,,,,Paulist,,,,,
4,130,,mission,Church of St. Vincent de Paul,Sterling,NJ,6/11/1890,6/15/1890,49,,,,,,,,Paulist,,,,,
4,130,,mission,St. Patrick's Church,Chatham,NJ,6/15/1890,6/18/1890,152,,,,,,,,Paulist,,,,,
4,133,,mission,St. Anne's Church,Manchester,NH,9/14/1890,9/28/1890,3559,,,,,271,1235,2053,Paulist,,,,1600,
4,135,,mission,,Ridgway,PA,9/14/1890,9/30/1890,505,,,,,,,,Paulist,,,,,
4,135,,mission,,Emporium,PA,9/14/1890,9/30/1890,410,,,,,,,,Paulist,,,,,
4,135,,mission,,Cameron,PA,9/14/1890,9/30/1890,45,,,,,,,,Paulist,,,,,
4,136,,mission,,Torrington,CT,9/21/1890,9/28/1890,1136,2,,,,,,,Paulist,,,,,
4,137,,mission,Ss. Peter and Paul's Cathedral,Philadelphia,PA,10/5/1890,10/19/1890,9800,25,,,,1400,3750,4650,Paulist,,,,1346,175
4,139,,mission,Church of the Annunciation,Danvers,MA,10/26/1890,11/9/1890,1418,,,,,,796,622,Paulist,,,,,
4,140,,mission,Church of the Sacred Heart,New Haven,CT,10/26/1890,11/9/1890,3540,2,,,,340,1400,1800,Paulist,,,,,
4,141,,mission,St. Joseph's Church,Terre Haute,IN,11/2/1890,11/9/1890,1250,9,,,,,,,Paulist,,,,,
4,142,,mission,,Rockville,IN,11/10/1890,11/13/1890,80,,,,,,,,Paulist,,,,,
4,143,,retreat,,South Bend,IN,10/1/1890,11/30/1890,600,,,,,,,,Paulist,,,,,
4,144,,mission,St. James's Church,Chicago,IL,11/16/1890,11/30/1890,4780,4,,,,,1800,2980,Paulist,,,,,
4,146,,mission,St. Mary's Star of the Sea,East Boston,MA,11/16/1890,11/30/1890,1440,1,,,,270,530,640,Paulist,,,,,
4,148,,mission,,Portland,CT,11/16/1890,11/27/1890,1023,,,,,,,,Paulist,,,,,
4,148,,mission,,East Hampton,CT,11/16/1890,11/27/1890,228,,,,,,,,Paulist,,,,,
4,149,,mission,Church of the Annunciation,Manhattanville,NY,12/7/1890,12/21/1890,1720,,,,,220,750,750,Paulist,,,,,
4,150,,mission,St. James's Church,Boston,MA,12/14/1890,12/21/1890,2500,,,,,,,,Paulist,,,,,
4,151,,mission,St. Mary's Cathedral,Ogdensburg,NY,12/7/1890,12/21/1890,2495,14,,,,180,1075,1240,Paulist,,,,,
4,153,,mission,Church of Our Lady of Victory,Brooklyn,NY,1/4/1891,1/18/1891,2495,6,,,,250,760,1485,Paulist,,,,1000,
4,154,,mission,Church of St. Paul the Apostle,New York,NY,1/4/1891,2/1/1891,11650,7,,,,650,4550,6450,Paulist,,,,,
4,156,,mission,Church of the Sacred Heart,Brooklyn,NY,1/25/1891,2/1/1891,5088,8,,,,,2560,2528,Paulist,,,,1900,
4,157,,mission,St. Augustine's Church,Union Hill,NJ,2/1/1891,2/8/1891,801,,,,,,,,Paulist,,,,,
4,158,,mission,Church of St. Francis de Sales,Geneva,NY,2/15/1891,3/1/1891,2470,2,,,,325,1025,1120,Paulist,,,,,
4,160,,mission,St. Matthew's Church,Washington,DC,2/15/1891,2/23/1891,1300,,,,,,,,Paulist,,,,,
4,161,,mission,St. Stephen's Church,Pittsburgh,PA,2/15/1891,3/1/1891,1582,,,,,200,732,650,Paulist,,,,585,
4,162,,mission,Church of St. Columbkille,Brighton,MA,2/15/1891,3/1/1891,3300,,,,,480,1395,1425,Paulist,,,,,
4,163,,mission,St. Patrick's Church,Valley Falls,RI,3/8/1891,3/22/1891,2905,1,,,,,,,Paulist,,,,,
4,164,,mission,St. Veronica's Church,New York,NY,3/8/1891,3/22/1891,3650,4,,,,,,,Paulist,,,,,350
4,165,,mission,Sacred Heart Church,Pittsburgh,PA,3/8/1891,3/22/1891,2453,2,,,,340,871,1242,Paulist,,,,260,
4,166,,mission,Sacred Heart Church,Worcester,MA,4/5/1891,4/19/1891,2573,,,,,,1200,1375,Paulist,,,,,600
4,167,,mission,St. Anne's Church,Baltimore,MD,4/5/1891,4/12/1891,1300,4,,,,,,,Paulist,,,,,
4,169,,mission,St. Louis' Church,Webster,MA,4/5/1891,4/19/1891,1665,,,,,,790,875,Paulist,,,,,99
4,170,,mission,Church of the Sacred Heart,Mt. Vernon,NY,4/12/1891,4/21/1891,1050,,,,,,,,Paulist,,,,,
4,172,,mission,Immaculate Conception Church,Birmingham,CT,4/26/1891,5/10/1891,2801,,,,,,1201,1610,Paulist,,,,900,
4,173,,mission,St. Charles' Church,Adams,MA,4/26/1891,5/10/1891,1622,2,,,,,,,Paulist,,,,,
4,174,,mission,Holy Cross Church,Lynchburg,VA,4/26/1891,5/5/1891,700,1,,,,,,,Paulist,,,,,
4,175,,mission,St. Cecilia's Church,Coatesville,PA,5/10/1891,5/17/1891,625,,,,,,,,Paulist,,,,,
4,176,,renewal,St. Michael's Cathedral,Springfield,MA,5/10/1891,5/17/1891,1400,,,,,,,,Paulist,,,,,
4,177,,mission,St. Leo's Church,Leominster,MA,5/17/1891,5/24/1891,1260,,,,,,,,Paulist,,,,,
4,178,,renewal,St. John's Church,Canton,MA,5/17/1891,5/24/1891,1400,,,,,,,,Paulist,,,,500,
4,179,,mission,St. Thomas's Church,West Farms,NY,5/17/1891,5/24/1891,493,,,,390,103,,,Paulist,,,,,
4,180,,mission,Sacred Heart Church,Valesburg,NJ,5/31/1891,6/7/1891,265,1,,,,,,,Paulist,,,,,
4,181,,retreat,Church of the Assumption,Ansonia,CT,8/16/1891,8/20/1891,400,,,,,,,,Paulist,,,,,
4,185,,mission,St. Michael's Church,Westerly,CT,9/6/1891,9/13/1891,980,,,,,,,,Paulist,,,,450,
4,186,,mission,Holy Cross Church,Ovid,NY,9/6/1891,9/16/1891,993,,,,,,,,Paulist,,,,,
4,187,,mission,,Lyons,NY,9/6/1891,9/20/1891,795,3,,,,,,,Paulist,,,,,
4,189,,mission,,Sodus Point,NY,9/21/1891,9/24/1891,,,,,,,,,Paulist,,,,,
4,191,,mission,St. Catherine's Church,Norwood,MA,9/13/1891,9/20/1891,1110,,,,,,,,Paulist,,,,,
4,192,,mission,,Bayonne,NJ,9/6/1891,9/13/1891,640,,,,,,,,Paulist,,,,,
4,193,,mission,,Greenfield,MA,9/6/1891,9/13/1891,962,,,,,,,,Paulist,,,,,
4,194,,mission,,South Deerfield,MA,9/13/1891,9/17/1891,300,,,,,,,,Paulist,,,,,
4,195,,mission,,Dover,NH,9/20/1891,10/4/1891,2705,,,,,,1095,1610,Paulist,,,,1275,
4,197,,mission,St. Mary's Church,Biddeford,ME,9/27/1891,10/11/1891,1821,,,,,211,707,903,Paulist,,,,,
4,198,,mission,Holy Family Church,Auburn,NY,9/27/1891,10/11/1891,3480,5,,,,,1800,1680,Paulist,,,,,
4,200,,mission,St. Mary's Church,Cambridgeport,MA,10/11/1891,10/25/1891,5165,,,,,,2440,2725,Paulist,,,,3200,300
4,203,,mission,St. Patrick's Church,Denver,CO,10/18/1891,10/25/1891,755,,,,,,,,Paulist,,,,136,40
4,205,,mission,St. Matthew's Church,Brooklyn,NY,10/18/1891,11/1/1891,1500,,,,,120,730,650,Paulist,,,,,
4,207,,mission,St. Joseph's Church,Denver,CO,11/1/1891,11/8/1891,750,3,,,,,,,Paulist,,,,200,
4,209,,mission,St. Peter Claver's Church,Baltimore,MD,11/1/1891,11/8/1891,270,,,,,,,,Paulist,,,,,
4,210,,mission,Corpus Christi Church,Baltimore,MD,11/8/1891,11/22/1891,1400,,,,,90,410,800,Paulist,,,,,
4,211,,mission,Immaculate Conception Church,Marlboro,MA,11/8/1891,11/22/1891,3770,3,,,,,1580,2190,Paulist,,,,2100,
4,212,,mission,St. Francis's Cathedral,Vincennes,IN,11/15/1891,11/24/1891,1018,7,,,,,,,Paulist,,,,200,
4,213,,mission,St. Colman's Church,Turtle Creek,PA,11/29/1891,12/6/1891,640,3,,,,,,,Paulist,,,,,
4,214,,mission,St. Cecilia's Church,Boston,MA,11/22/1891,11/29/1891,2600,,,,,,,,Paulist,,,,,
4,215,,mission,St. Bridget's Church,Indianapolis,IN,11/29/1891,12/9/1891,1300,9,,,,,,,Paulist,,,,,
4,216,,mission,St. Thomas's Church,Brooklyn,NY,12/6/1891,12/20/1891,3375,11,,,,,1370,2005,Paulist,,,,,
4,218,,mission,St. Patrick's Church,Cleveland,OH,12/6/1891,12/20/1891,3550,,,,,200,1440,1910,Paulist,,,,,
4,220,,mission,St. Stephen's Church,New York,NY,1/3/1892,1/26/1892,6500,6,,,,450,2000,4050,Paulist,,,,1240,
4,223,,mission,St. Jerome's Church,Mott Haven,NY,1/17/1892,1/31/1892,3980,3,,,,610,1592,1778,Paulist,,,,,
4,225,,mission,St. Francis de Sales' Church,Brooklyn,NY,1/31/1892,2/14/1892,2055,,,,,,980,1075,Paulist,,,,675,
4,227,,mission,St. John the Evangelist's Church,Brooklyn,NY,2/7/1892,2/21/1892,4925,,,,,,2240,2685,Paulist,,,,,
4,229,,mission,St. Jerome's Church,Baltimore,MD,2/14/1892,2/23/1892,960,5,,,,,,,Paulist,,,,,120
4,231,,mission,St. Aloysius's Church,Detroit,MI,2/7/1892,2/15/1892,1100,3,,,,,,,Paulist,,,,,
4,232,,mission,St. Patrick's Church,Ottawa,Canada,3/6/1892,3/20/1892,2516,,,,,280,886,1350,Paulist,,,,1322,140
4,234,,mission,St. John's Church,Worcester,MA,3/6/1892,3/20/1892,7200,6,,,,3520,3680,,Paulist,,,,,
4,236,,mission,St. Rose's Church,Meriden,CT,3/27/1892,4/10/1892,4650,6,,,,,,,Paulist,,,,,
4,238,,mission,St. Patrick's Church,Montreal,Canada,3/20/1892,4/17/1892,8728,,,,,,,,Paulist,,,,4729,
4,243,,mission,Our Lady of Loretto's Church,Hempstead,NY,4/24/1892,5/1/1892,410,2,,,,,,,Paulist,,,,,
4,244,,mission,St. Rose of Lima's Church,Parkville,NY,4/24/1892,5/1/1892,370,,,,,,,,Paulist,,,,,
4,245,,mission,St. Francis de Sales' Church,Utica,NY,4/24/1892,5/2/1892,1430,4,,,,,,,Paulist,,,,,
4,246,,mission,Church of the Assumption,Ansonia,CT,4/24/1892,5/8/1892,3250,,,,,,1740,1510,Paulist,,,,1300,
4,248,,mission,Church of the Immaculate Conception,Tuckahoe,NY,5/8/1892,5/17/1892,830,,,,,,,,Paulist,,,,,
4,249,,mission,St. Augustine's Church,Bridgeport,CT,5/15/1892,5/29/1892,3450,,,,,,1710,1740,Paulist,,,,,
4,250,,mission,St. Bridget's Church,West Troy,NY,5/8/1892,5/22/1892,2110,,,,,,980,1130,Paulist,,,,,
4,252,,mission,St. Jerome's Church,Hyattsville,MD,5/22/1892,5/29/1892,155,1,2,,,,,,Paulist,,,,,
4,253,,mission,Church of the Annunciation,Florence,MA,6/5/1892,6/12/1892,1075,1,,,,,,,Paulist,,,,,
4,254,,mission,,Canal Fulton,OH,6/5/1892,6/12/1892,400,1,,,,,,,Paulist,,,,,
4,255,,mission,St. Mary's Church,Canandaigua,NY,5/29/1892,6/12/1892,1580,4,,,,,740,840,Paulist,,,,,136
4,257,,mission,Church of the Immaculate Conception,Newburyport,MA,5/22/1892,6/5/1892,2740,,,,,240,1050,1450,Paulist,,,,,
4,259,,retreat,St. Bridget's Church,Indianapolis,IN,6/9/1892,6/12/1892,750,,,,,,,,Paulist,,,,,
4,263,,mission,Star of the Sea Church,Long Branch,NJ,9/11/1892,9/18/1892,600,1,,,,,,,Paulist,,,,,
4,264,,mission,St. Agnes's Church,Paterson,NJ,9/11/1892,9/25/1892,2200,12,,,,400,800,1000,Paulist,,,,840,89
4,265,,mission,Holy Trinity Church,Wallingford,CT,9/11/1892,9/25/1892,1450,,,,,75,675,700,Paulist,,,,600,
4,266,,mission,St. Columba's Church,Newark,NJ,9/11/1892,9/25/1892,1575,,,,,65,610,900,Paulist,,,,,
4,267,,mission,Church of Our Lady,Sand Beach,MI,9/25/1892,9/29/1892,140,,,,,,,,Paulist,,,,,
4,268,,mission,St. Joseph's Church,Argyle,MI,9/25/1892,9/31/1892,224,14,,,,,,,Paulist,,,,,
4,269,,mission,Immaculate Conception Church,Monmouth,IL,10/2/1892,10/9/1892,485,,,,,,,,Paulist,,,,100,
4,270,,mission,,Raritan,IL,10/9/1892,10/12/1892,130,,,,,,,,Paulist,,,,68,
4,270,,mission,,Alexis,IL,10/9/1892,10/13/1892,200,,,,,,,,Paulist,,,,112,
4,271,,mission,St. Augustine's Church,Kalamazoo,MI,10/2/1892,10/16/1892,1600,,,,,350,550,700,Paulist,,,,,
4,273,,mission,,Highland Falls,NY,10/2/1892,10/16/1892,350,,,,,,,,Paulist,,,,,
4,273,,mission,,West Point,NY,10/2/1892,10/16/1892,520,,,,,,,,Paulist,,,,,
4,274,,mission,St. Ann's Church,Neponset,MA,10/2/1892,10/16/1892,1610,1,,,,,760,850,Paulist,,,,,
4,275,,mission,St. Mark's Church,Peoria,IL,10/16/1892,10/23/1892,317,,,,,,,,Paulist,,,,115,
4,276,,mission,Church of the Immaculate Conception,Spring Valley,IL,10/23/1892,10/30/1892,950,,,,,,,,Paulist,,,,,
4,277,,mission,Church of the Nativity,Brooklyn,NY,10/16/1892,10/30/1892,2530,1,,,,,1050,1480,Paulist,,,,,
4,279,,mission,St. Mary's Church,Utica,IL,10/30/1892,11/6/1892,507,,,,,,,,Paulist,,,,,
4,280,,mission,Ss. Peter and Paul's Cathedral,Detroit,MI,10/23/1892,11/6/1892,2050,,,,,100,600,1350,Paulist,,,,,
4,281,,mission,St. Mary's Church,Bethel,CT,10/30/1892,11/6/1892,700,,,,,,,,Paulist,,,,,
4,282,,mission,St. Simon's Church,Washington,IN,11/13/1892,11/20/1892,1300,9,,,,,,,Paulist,,,,,
4,283,,mission,St. Joseph's Church,Roxbury,MA,11/13/1892,11/27/1892,2650,,,,,400,900,1350,Paulist,,,,,
4,283,,mission,Chapel,Roxbury,MA,11/13/1892,11/20/1892,1150,,,,,,,,Paulist,,,,,
4,285,,mission,St. Ann's Church,Chicago,IL,11/23/1892,11/27/1892,2250,,,,,150,800,1300,Paulist,,,,,
4,286,,mission,Sacred Heart Church,Bloomfield,NJ,11/27/1892,12/4/1892,1007,2,,,,,,,Paulist,,,,400,
4,287,,mission,St. Cecilia's Church,Boston,MA,12/4/1892,12/11/1892,2580,,,,,,,,Paulist,,,,,
4,288,,mission,St. Stephen's Church,Brooklyn,NY,12/4/1892,12/18/1892,3880,,,,,200,1530,2150,Paulist,,,,600,
4,289,,mission,Church of the Immaculate Conception,East Weymouth,MA,1/1/1893,1/11/1893,1300,3,,,,,,,Paulist,,,,,
4,290,,mission,St. Mary's Church,Dedham,MA,1/1/1893,1/11/1893,1600,,,,,,,,Paulist,,,,1000,
4,292,,mission,Church of the Immaculate Conception,Cleveland,OH,1/1/1893,1/13/1893,2950,5,,,,,1450,1500,Paulist,,,,,
4,293,,mission,,Port Ewen,NY,1/22/1893,1/29/1893,284,,,,,,,,Paulist,,,,,
4,294,,mission,St. Mary's Church,New Britain,CT,1/15/1893,1/29/1893,5285,4,,,,625,2245,2415,Paulist,,,,2430,
4,296,,mission,St. Mary's Church,Roudout,NY,1/29/1893,2/12/1893,3000,5,,,,400,1200,1400,Paulist,,,,,500
4,297,,mission,St. Cecilia's Church,New York,NY,2/12/1893,3/12/1893,7550,20,,,,550,3200,3800,Paulist,,,,600,
4,299,,mission,St. Gabriel's Church,New York,NY,2/19/1893,3/19/1893,8637,,,,,1200,2800,4577,Paulist,,,,2593,
4,300,,mission,St. John's Cathedral,Cleveland,OH,3/19/1893,4/2/1893,3750,,,,,600,2120,3030,Paulist,,,,,
4,302,,mission,Church of the Visitation,Philadelphia,PA,3/19/1893,4/2/1893,4800,12,,,,600,1900,2300,Paulist,,,,,
4,303,,mission,Church of the Assumption,Morristown,NJ,4/9/1893,4/23/1893,2087,3,,,,287,750,1050,Paulist,,,,450,
4,305,,mission,St. John's Church,Bellefonte,PA,4/9/1893,4/16/1893,760,4,,,,,,,Paulist,,,,363,
4,307,,mission,,Meadville,PA,4/9/1893,4/17/1893,900,1,,,,,,,Paulist,,,,,
4,308,,mission,,Sayre,PA,4/9/1893,4/16/1893,700,3,,,,,,,Paulist,,,,,
4,309,,mission,St. Patrick's Church,Norwich,CT,4/23/1893,5/7/1893,4060,3,,,,425,1525,2110,Paulist,,,,,
4,311,,mission,St. Malachy's Church,Chicago,IL,4/23/1893,5/7/1893,2250,4,,,,250,800,1200,Paulist,,,,,
4,312,,retreat,St. Matthew's Church,Washington,DC,4/23/1893,4/23/1893,600,,,,,,,,Paulist,,,,,
4,313,,mission,Immaculate Conception Church,Portsmouth,NH,4/30/1893,5/7/1893,1350,,,,,,,,Paulist,,,,45,
4,314,,mission,St. Thomas's Church,"Woodberry, Baltimore",Maryland,5/15/1893,5/21/1893,670,,,,,,,,Paulist,,,,,
4,315,,mission,Manhattan College,New York,NY,3/26/1893,3/29/1893,200,,,,,,,,Paulist,,,,,
4,315,,mission,Classon-on-the-Sound,New York,NY,5/8/1893,5/12/1893,120,,,,,,,,Paulist,,,,,
4,316,,mission,St. Patrick's Church,Whitinsville,MA,5/14/1893,5/24/1893,910,,,,,,,,Paulist,,,,380,
4,318,,mission,St. Rose's Church,"West Brighton, Staten Island",NY,5/7/1893,5/28/1893,1685,5,,,,250,610,825,Paulist,,,,,
4,320,,mission,,North Weymouth,MA,5/24/1893,5/28/1893,240,,,,,,,,Paulist,,,,,
4,321,,mission,,Broad Brook,CT,5/14/1893,5/21/1893,312,,,,,,,,Paulist,,,,,
4,322,,mission,St. Thomas's Church,Southington,CT,5/14/1893,5/21/1893,840,,,,,,,,Paulist,,,,,
4,323,,mission,St. Rose of Lima's Church,Suffern,NY,5/21/1893,5/28/1893,217,1,,,,,,,Paulist,,,,,
4,323,,mission,,Tuxedo,NY,5/28/1893,6/4/1893,146,2,,,,,,,Paulist,,,,,
